title,date,actors,staff,genres
Dilwale Dulhania Le Jayenge,1995-10-20,"[Shah Rukh Khan, Kajol, Amrish Puri, Anupam Kher, Satish Shah, Achala Sachdev, Himani Shivpuri, Pooja Ruparel, Mandira Bedi, Uday Chopra, Parmeet Sethi, Karan Johar, Anaita Shroff Adajania, Farida Jalal]","[Aditya Chopra, Aditya Chopra, Aditya Chopra, Javed Siddiqui, Uday Chopra, Yash Chopra, Sharmishta Roy, Vinod Rathod, Farah Khan]","[Comedy, Drama, Romance]"
The Shawshank Redemption,1994-09-23,"[Tim Robbins, Morgan Freeman, Bob Gunton, Clancy Brown, Mark Rolston, James Whitmore, Gil Bellows, William Sadler, Jeffrey DeMunn, Larry Brandenburg, Neil Giuntoli, Brian Libby, David Proval, Joseph Ragno, Jude Ciccolella, Paul McCrane, Morgan Lund, Scott Mann]","[Frank Darabont, Thomas Newman, Roger Deakins, Richard Francis-Bruce, Terence Marsh, Deborah Aquila, Frank Darabont, Stephen King, Liz Glotzer, David V. Lester, Michael Seirton, Monty Westmore, Peter Landsdown Smith, Elizabeth McBride]","[Drama, Crime]"
The Godfather,1972-03-14,"[Marlon Brando, Al Pacino, James Caan, Robert Duvall, Sterling Hayden, John Marley, Richard Conte, Al Lettieri, Diane Keaton, Abe Vigoda, Talia Shire, Gianni Russo, John Cazale, Rudy Bond, Morgana King, Lenny Montana, John Martino]","[Francis Ford Coppola, Albert S. Ruddy, Mario Puzo, Francis Ford Coppola, William Reynolds, Peter Zinner, Mario Puzo, Gordon Willis, Nino Rota, Dean Tavoularis, Philip Smith, Anna Hill Johnstone, Gray Frederickson, Louis DiGiaimo, Fred Roos, Robert Ward, Fred T. Gallo]","[Drama, Crime]"
Your Name.,2016-08-26,"[Ryunosuke Kamiki, Mone Kamishiraishi, Masami Nagasawa, Etsuko Ichihara, Ryou Narita, Aoi Yuki, Kaito Ishikawa, Tani Kanon, Masaki Terasoma, Sayaka Ohara, Kana Hanazawa, Kazuhiko Inoue]","[Makoto Shinkai, Makoto Shinkai, Makoto Shinkai, Yojiro Noda, Yojiro Noda, Ei Inoue]","[Romance, Animation, Drama]"
Avengers: Endgame,2019-04-24,"[Robert Downey Jr., Chris Evans, Chris Hemsworth, Mark Ruffalo, Scarlett Johansson, Jeremy Renner, Don Cheadle, Paul Rudd, Bradley Cooper, Brie Larson, Karen Gillan, Josh Brolin, Benedict Cumberbatch, Chadwick Boseman, Tom Holland, Zoe Saldana, Gwyneth Paltrow, Evangeline Lilly, Tessa Thompson, Rene Russo]","[Kevin Feige, Joe Russo, Anthony Russo, Christopher Markus, Stephen McFeely, Jon Favreau, Alan Silvestri, Jim Starlin, Jack Kirby, Trent Opaloch, Sarah Finn, Christopher Markus, Stephen McFeely, Judianna Makovsky, Kristine Nadal]","[Adventure, Science Fiction, Action]"
Schindler's List,1993-12-15,"[Liam Neeson, Ben Kingsley, Ralph Fiennes, Caroline Goodall, Jonathan Sagall, Embeth Davidtz, Malgorzata Gebel, Mark Ivanir, Andrzej Seweryn, Friedrich von Thun, Jerzy Nowak, Norbert Weisser, Anna Mucha, Rami Heuberger, Elina Löwensohn, Hans-Jörg Assmann]","[Steven Spielberg, Steven Zaillian, Steven Spielberg, Branko Lustig, Gerald R. Molen, Janusz Kamiński, Michael Kahn, Anna B. Sheppard, John Williams, Juliet Taylor, Allan Starski]","[Drama, History, War]"
The Godfather: Part II,1974-12-20,"[Al Pacino, Robert Duvall, Diane Keaton, Robert De Niro, John Cazale, Talia Shire, Lee Strasberg, Michael V. Gazzo, G. D. Spradlin, Richard Bright, Francesca De Sapio, Oreste Baldini, Gastone Moschin, Giuseppe Sillato, Bruno Kirby, Frank Sivero, Morgana King, Marianna Hill, Leopoldo Trieste, Dominic Chianese]","[Francis Ford Coppola, Francis Ford Coppola, Gray Frederickson, Fred Roos, Mario Puzo, Francis Ford Coppola, Gordon Willis, Carmine Coppola, Nino Rota, Dean Tavoularis, Barry Malkin, Richard Marks, Peter Zinner, Jane Feinberg, Mike Fenton, Vic Ramos]","[Drama, Crime]"
Spirited Away,2001-07-20,"[Miyu Irino, Mari Natsuki, Bunta Sugawara, Ryunosuke Kamiki, Tatsuya Gashûin, Yo Oizumi, Tsunehiko Kamijô, Takehiko Ono, Ken Yasuda]","[Hayao Miyazaki, Toshio Suzuki, Yasuyoshi Tokuma, Joe Hisaishi, Takeshi Seyama, Hayao Miyazaki, Michiyo Yasuda, Michihiro Itou]","[Animation, Family, Fantasy]"
The Green Mile,1999-12-10,"[Tom Hanks, Michael Clarke Duncan, David Morse, Bonnie Hunt, James Cromwell, Patricia Clarkson, Michael Jeter, Sam Rockwell, Graham Greene, Doug Hutchison, Barry Pepper, Jeffrey DeMunn, Harry Dean Stanton, Gary Sinise, Dabbs Greer, Eve Brent, William Sadler, Paula Malcomson]","[Frank Darabont, Frank Darabont, David Valdes, Frank Darabont, Thomas Newman, David Tattersall, Richard Francis-Bruce, Mali Finn, Terence Marsh, Michael Seirton, Karyn Wagner, Stephen King, Ralph Nelson, Janis Clark, Kerry Rossall]","[Fantasy, Drama, Crime]"
Life Is Beautiful,1997-12-20,"[Roberto Benigni, Nicoletta Braschi, Giorgio Cantarini, Giustino Durano, Sergio Bini Bustric, Horst Buchholz, Marisa Paredes, Adelaide Alaïs, Hannes Hellmann, Wolfgang Hillinger, Gina Rovere, Richard Sammel]","[Roberto Benigni, John Davis, Roberto Benigni, Vincenzo Cerami, Tonino Delli Colli, Simona Paggi, Nicola Piovani, Danilo Donati, Danilo Donati, Mario Cotone, Shaila Rubin, Nicola Piovani, Agnès Mentre]","[Comedy, Drama]"
Pulp Fiction,1994-09-10,"[John Travolta, Samuel L. Jackson, Uma Thurman, Bruce Willis, Ving Rhames, Harvey Keitel, Eric Stoltz, Tim Roth, Amanda Plummer, Maria de Medeiros, Quentin Tarantino, Christopher Walken, Rosanna Arquette, Peter Greene, Duane Whitaker, Angela Jones, Phil LaMarr, Steve Buscemi, Bronagh Gallagher]","[Quentin Tarantino, Quentin Tarantino, Lawrence Bender, Danny DeVito, Michael Shamberg, Stacey Sher, Andrzej Sekula, Sally Menke, Gary M. Zuckerbrod, Ronnie Yeskel, David Wasco, Charles Collum, Sandy Reynolds-Wasco, Betsy Heimann, Paul Hellerman, Richard N. Gladstein, Bob Weinstein, Kathy Nelson]","[Thriller, Crime]"
Spider-Man: Into the Spider-Verse,2018-12-07,"[Shameik Moore, Jake Johnson, Hailee Steinfeld, Mahershala Ali, Brian Tyree Henry, Lily Tomlin, Lauren Vélez, Zoë Kravitz, John Mulaney, Kimiko Glenn, Nicolas Cage, Kathryn Hahn, Liev Schreiber, Chris Pine, Natalie Morales, Edwin H. Bravo, Oscar Isaac, Greta Lee, Stan Lee, Jorma Taccone]","[Phil Lord, Phil Lord, Stan Lee, Steve Ditko, Christopher Miller, Bob Persichetti, Avi Arad, Mary Hidalgo, Peter Ramsey, Rodney Rothman, Phil Lord, Christina Steinberg, Stan Lee, Daniel Pemberton, Rodney Rothman, Amy Pascal]","[Action, Adventure, Animation, Science Fiction, Comedy]"
The Dark Knight,2008-07-16,"[Christian Bale, Michael Caine, Heath Ledger, Gary Oldman, Aaron Eckhart, Maggie Gyllenhaal, Morgan Freeman, Monique Gabriela Curnen, Ron Dean, Nestor Carbonell, Chin Han, Eric Roberts, Ritchie Coster, Anthony Michael Hall, Keith Szarabajka, Joshua Harto, Melinda McGraw, Nathan Gamble, Michael Jai White, Colin McFarlane]","[Christopher Nolan, Jonathan Nolan, Hans Zimmer, Wally Pfister, James Newton Howard, Christopher Nolan, Emma Thomas, Christopher Nolan, David S. Goyer, Michael E. Uslan, Kevin De La Noy, Benjamin Melniker, Lee Smith, Nathan Crowley, Peter Lando, John Papsidera, Lindy Hemming]","[Drama, Action, Crime, Thriller]"
A Dog's Will,2000-09-15,"[Matheus Nachtergaele, Selton Mello, Lima Duarte, Rogério Cardoso, Denise Fraga, Diogo Vilela, Luís Melo, Virginia Cavendish, Bruno Garcia, Maurício Gonçalves, Fernanda Montenegro, Aramis Trindade, Marco Nanini, Paulo Goulart, Enrique Díaz]","[Guel Arraes, Adriana Falcão, Guel Arraes]","[Adventure, Comedy]"
Psycho,1960-06-16,"[Anthony Perkins, Janet Leigh, Vera Miles, John Gavin, Martin Balsam, John McIntire, Simon Oakland, Frank Albertson, Patricia Hitchcock, Vaughn Taylor, Lurene Tuttle, Mort Mills, John Anderson, Alfred Hitchcock]","[Alfred Hitchcock, Joseph Stefano, Alfred Hitchcock, Bernard Herrmann, John L. Russell, George Tomasini, George Milo, Rita Riggs, William Russell, Hilton A. Green, Helen Colvig, Saul Bass, Robert Bloch]","[Horror, Drama]"
Fight Club,1999-10-15,"[Edward Norton, Brad Pitt, Helena Bonham Carter, Meat Loaf, Jared Leto, Zach Grenier, Holt McCallany, Eion Bailey, Richmond Arquette, David Andrews, Christina Cabot, Tim DeZarn, Ezra Buzzington, Bob Stephenson, David Lee Smith, Carl Ciarfalio, Stuart Blumberg, Mark Fite, Matt Winston, Lauren Sánchez]","[Ross Grayson Bell, Art Linson, John King, Michael Simpson, Jeff Cronenweth, James Haygood, Laray Mayfield, Alex McDowell, David Fincher, Chuck Palahniuk, Jim Uhls, Arnon Milchan, Mirela Rupic]",[Drama]
The Lord of the Rings: The Return of the King,2003-12-01,"[Elijah Wood, Ian McKellen, Viggo Mortensen, Sean Astin, Liv Tyler, Orlando Bloom, John Rhys-Davies, Dominic Monaghan, Billy Boyd, Andy Serkis, Cate Blanchett, Hugo Weaving, Ian Holm, Bernard Hill, Karl Urban, Miranda Otto, David Wenham, Sean Bean, John Noble, Marton Csokas]","[Peter Jackson, Peter Jackson, Barrie M. Osborne, Bob Weinstein, Harvey Weinstein, Mark Ordesky, Michael Lynne, J.R.R. Tolkien, Peter Jackson, Fran Walsh, Philippa Boyens, Andrew Lesnie, Mark Robins, John Howe, Dan Hennah, Ngila Dickson, Richard Taylor, Howard Shore]","[Adventure, Fantasy, Action]"
The Wolf's Call,2019-02-20,"[François Civil, Omar Sy, Reda Kateb, Mathieu Kassovitz, Paula Beer, Stefan Godin]","[Jérôme Seydoux, Alain Attal, Alain Attal, Saar Klein]","[Thriller, Drama]"
Once Upon a Time in America,1984-05-23,"[Robert De Niro, James Woods, Elizabeth McGovern, Joe Pesci, Burt Young, Tuesday Weld, Treat Williams, Danny Aiello, Richard Bright, William Forsythe, Darlanne Fluegel, Olga Karlatos, Frank Gio, Jennifer Connelly, Rusty Jacobs]","[Sergio Leone, Gabriella Pescucci, Louis Craig, Benito Stefanelli, Ennio Morricone, Joy Todd, Carlo Simi, Arnon Milchan, Cis Corman]","[Drama, Crime]"
GoodFellas,1990-09-12,"[Ray Liotta, Robert De Niro, Joe Pesci, Paul Sorvino, Frank Sivero, Tony Darrow, Mike Starr, Frank Vincent, Chuck Low, Frank DiLeo, Henny Youngman, Gina Mastrogiacomo, Catherine Scorsese, Charles Scorsese, Suzanne Shepherd, Debi Mazar, Margo Winkler, Welker White, Jerry Vale]","[Martin Scorsese, Nicholas Pileggi, Martin Scorsese, Irwin Winkler, Barbara De Fina, Michael Ballhaus, Thelma Schoonmaker, Ellen Lewis, Kristi Zea, Maher Ahmad, Leslie Bloom, Richard Bruno, Saul Bass, Robert Griffon Jr., Ilona Herman, William A. Farley]","[Drama, Crime]"
12 Angry Men,1957-03-25,"[Henry Fonda, Martin Balsam, John Fiedler, Lee J. Cobb, E.G. Marshall, Jack Klugman, Edward Binns, Jack Warden, Joseph Sweeney, Ed Begley, George Voskovec, Robert Webber, Rudy Bond]","[Sidney Lumet, Reginald Rose, Henry Fonda, Reginald Rose, Kenyon Hopkins, Boris Kaufman, Carl Lerner, Herman Buchman, James A. Gleason, Reginald Rose, George Justin]",[Drama]
One Flew Over the Cuckoo's Nest,1975-11-18,"[Jack Nicholson, Louise Fletcher, Danny DeVito, William Redfield, Scatman Crothers, Brad Dourif, Christopher Lloyd, Will Sampson, Dean R. Brooks, Michael Berryman, Sydney Lassick, William Duell, Vincent Schiavelli, Peter Brocco, Alonzo Brown, Nathan George, Ted Markland]","[Miloš Forman, Ken Kesey, Bo Goldman, Michael Douglas, Saul Zaentz, Jack Nitzsche, Haskell Wexler, Sheldon Kahn, Lynzee Klingman, Jane Feinberg, Mike Fenton, Alan Gibbs, Paul Sylbert, Aggie Guerard Rodgers]",[Drama]
Cinema Paradiso,1988-11-17,"[Philippe Noiret, Jacques Perrin, Marco Leonardi, Salvatore Cascio, Agnese Nano, Antonella Attili, Leo Gullotta, Pupella Maggio, Leopoldo Trieste, Nicola Di Pinto, Brigitte Fossey, Franco Catalano, Giuseppe Tornatore]","[Giuseppe Tornatore, Giuseppe Tornatore, Ennio Morricone, Andrea Morricone, Angelo Ragusa, Franco Tamponi]","[Drama, Romance]"
Harakiri,1962-09-15,"[Tatsuya Nakadai, Shima Iwashita, Akira Ishihama, Yoshio Inaba, Masao Mishima, Ichirô Nakatani, Hisashi Igawa, Tatsuo Matsumura, Akiji Kobayashi, Ryûtarô Gomi, Nakajirô Tomita, Shôtarô Hayashi, Tetsurō Tamba]","[Masaki Kobayashi, Shinobu Hashimoto, Yasuhiko Takiguchi, Makoto Naito, Toru Takemitsu]","[Action, Drama, History]"
"The Good, the Bad and the Ugly",1966-12-23,"[Clint Eastwood, Eli Wallach, Lee Van Cleef, Aldo Giuffrè, Luigi Pistilli, Rada Rassimov, John Bartha, Livio Lorenzon, Antonio Casale, Angelo Novi, Enzo Petito, Sandro Scarchilli, Benito Stefanelli, Aldo Sambrell, Al Mulock, Antonio Molino Rojo, Lorenzo Robledo]","[Sergio Leone, Alberto Grimaldi, Ennio Morricone, Tonino Delli Colli, Eugenio Alabiso, Nino Baragli, Carlo Simi, Sergio Leone, Agenore Incrocci, Furio Scarpelli, Sergio Leone, Carlo Leva, Carlo Simi]",[Western]
Grave of the Fireflies,1988-04-16,"[Tsutomu Tatsumi, Ayano Shiraishi, Yoshiko Shinohara, Akemi Yamaguchi]","[Tooru Hara, Isao Takahata, Akiyuki Nosaka, Isao Takahata, Michio Mamiya, Takeshi Seyama, Yoshifumi Kondou, Nizou Yamamoto, Michiyo Yasuda, Yasuo Uragami, Yoshifumi Kondou, Michihiro Itou, Noriyoshi Oohira, Hisanori Ooshiro, Kunji Tanifuji]","[Animation, Drama, War]"
City Lights,1931-02-26,"[Charlie Chaplin, Virginia Cherrill, Florence Lee, Harry Myers, Al Ernest Garcia, Hank Mann, Albert Austin, Eddie Baker, Henry Bergman, James Donnelly, Jean Harlow]","[Charlie Chaplin, Gordon Pollock, Theodore Reed, Charlie Chaplin, Charlie Chaplin, Charlie Chaplin, Al Ernest Garcia, Harry Crocker, Charlie Chaplin, Roland Totheroh, Willard Nico, Charles D. Hall, Albert Austin, Henry Bergman, Harry Crocker, Harry Crocker, Alfred Newman]","[Comedy, Drama, Romance]"
Seven Samurai,1954-04-26,"[Toshirō Mifune, Takashi Shimura, Yoshio Inaba, Seiji Miyaguchi, Minoru Chiaki, Isao Kimura, Keiko Tsushima, Kamatari Fujiwara, Yoshio Tsuchiya, Kokuten Kôdô, Eijirō Tōno, Atsushi Watanabe, Isao Yamagata, Kichijirô Ueda]","[Akira Kurosawa, Shinobu Hashimoto, Hideo Oguni, Akira Kurosawa, Sôjirô Motoki, Fumio Hayasaka, Asakazu Nakai, Akira Kurosawa, Hiromichi Horikawa, Fumio Yanoguchi, Takao Saitô, Masaru Satô]","[Action, Drama]"
The Great Dictator,1940-10-15,"[Charlie Chaplin, Jack Oakie, Reginald Gardiner, Henry Daniell, Billy Gilbert, Paul Weigel, Paulette Goddard, Grace Hayle, Maurice Moscovitch, Emma Dunn, Carter DeHaven, Rudolph Anders, George Lynn, Chester Conklin, Hank Mann]","[Charlie Chaplin, Charlie Chaplin, Charlie Chaplin, Karl Struss, Roland Totheroh, Willard Nico, J. Russell Spencer, Edward G. Boyle, Percy Townsend, Charlie Chaplin, Buster Wiles, Carter DeHaven]",[Comedy]
Neon Genesis Evangelion: The End of Evangelion,1997-07-19,"[Megumi Hayashibara, Kotono Mitsuishi, Yuko Miyamura, Takehito Koyasu, Hiro Yuuki, Motomu Kiyokawa, Akira Ishida, Mugihito]","[Mitsuhisa Ishikawa, Kazuya Tsurumaki, Shiro Sagisu, Hideaki Anno, Hideaki Anno, Motoaki Ikegami, Hideyuki Tanaka]","[Drama, Science Fiction, Animation]"
Whiplash,2014-10-10,"[Miles Teller, J.K. Simmons, Paul Reiser, Melissa Benoist, Austin Stowell, Jayson Blair, Kavita Patil, Chris Mulkey, Damon Gupton, Max Kasch, Kofi Siriboe]","[Jasmine McGlade, Damien Chazelle, Damien Chazelle, Sharone Meir, Tom Cross, Jason Blum, Helen Estabrook, David Lancaster, Melanie Jones, Justin Hurwitz, Terri Taylor, Jason Reitman, Jeanette Volturno]","[Drama, Music]"
Sherlock: The Final Problem,2017-01-15,"[Benedict Cumberbatch, Martin Freeman, Mark Gatiss, Sian Brooke, Andrew Scott, Una Stubbs, Rupert Graves, Amanda Abbington, Art Malik]","[Benjamin Caron, Mark Gatiss, Steven Moffat, Mark Gatiss, Steven Moffat, Sue Vertue, David Luther]","[Drama, Mystery]"
City of God,2002-02-05,"[Alexandre Rodrigues, Leandro Firmino, Phellipe Haagensen, Douglas Silva, Jonathan Haagensen, Matheus Nachtergaele, Seu Jorge, Alice Braga, Roberta Rodrigues, Darlan Cunha, Thiago Martins, Gero Camilo, Daniel Zettel, Danielle Ornelas, Marcello Melo Jr.]","[Fernando Meirelles, Paulo Lins, Bráulio Mantovani, Andrea Barata Ribeiro, Mauricio Andrade Ramos, Elisa Tolomelli, Bel Berlinck, Marc Beauchamps, Daniel Filho, Vincent Maraval, Donald Ranvaud, Walter Salles, Antonio Pinto, César Charlone, Daniel Rezende, Bia Salgado]","[Drama, Crime]"
Investigation of a Citizen Above Suspicion,1970-11-13,"[Gian Maria Volonté, Florinda Bolkan, Salvo Randone, Orazio Orlando, Arturo Dominici, Massimo Foschi, Aldo Rendine]","[Ennio Morricone, Ruggero Mastroianni, Luigi Kuveiller]","[Drama, Crime]"
Sunset Boulevard,1950-08-10,"[William Holden, Gloria Swanson, Erich von Stroheim, Nancy Olson, Fred Clark, Lloyd Gough, Jack Webb, Franklyn Farnum, Larry J. Blake, Cecil B. DeMille, Hedda Hopper, Buster Keaton, Anna Q. Nilsson, H.B. Warner, Fred Aldrich, Joel Allen, Gertrude Astor]","[Billy Wilder, Charles Brackett, Billy Wilder, Charles Brackett, Franz Waxman, John F. Seitz, Hans Dreier, John Meehan, Sam Comer, Ray Moyer, Edith Head, Wally Westmore, Charles C. Coleman, Gerd Oswald]",[Drama]
American History X,1998-10-30,"[Edward Norton, Edward Furlong, Beverly D'Angelo, Avery Brooks, Jennifer Lien, Ethan Suplee, Stacy Keach, Fairuza Balk, Elliott Gould, Guy Torry, William Russ, Joe Cortese, Jason Bose Smith, Antonio David Lyons, Alex Sol, Giuseppe Andrews, Keram Malicki-Sánchez, Christopher Masterson]","[Tony Kaye, John Morrissey, Anne Dudley, Gerald B. Greenberg, Alan Heim, Valerie McCaffrey, David McKenna, Bill Carraro, Michael De Luca, David McKenna, Kearie Peak, Steve Tisch, Lawrence Turman, Brian Witten]",[Drama]
Howl's Moving Castle,2004-11-19,"[Chieko Baishô, Takuya Kimura, Tatsuya Gashûin, Ryunosuke Kamiki, Haruko Kato, Yayoi Kazuki, Yo Oizumi, Akio Otsuka, Mitsunori Isaki]","[Hayao Miyazaki, Hayao Miyazaki, Toshio Suzuki, John Lasseter, Hayao Miyazaki, Joe Hisaishi, Takeshi Seyama]","[Fantasy, Animation, Adventure]"
The Empire Strikes Back,1980-05-20,"[Mark Hamill, Harrison Ford, Carrie Fisher, Billy Dee Williams, Anthony Daniels, David Prowse, James Earl Jones, Peter Mayhew, Kenny Baker, Frank Oz, Alec Guinness, Jason Wingreen, Temuera Morrison, John Hollis, Jack Purvis, Kathryn Mullen, Marjorie Eaton, Clive Revill]","[Irvin Kershner, Gary Kurtz, Leigh Brackett, Lawrence Kasdan, John Williams, George Lucas, George Lucas, Irene Lamb, Norman Reynolds, Leslie Dilley, Alan Tomkins, Michael Ford, John Mollo, Paul Hirsch, George Lucas, Marcia Lucas]","[Adventure, Action, Science Fiction]"
Doctor Who: The Day of the Doctor,2013-11-23,"[Matt Smith, David Tennant, John Hurt, Christopher Eccleston, Billie Piper, Jenna Coleman, Peter Capaldi, Paul McGann, Sylvester McCoy, Colin Baker, Peter Davison, Tom Baker, Jon Pertwee, Patrick Troughton, William Hartnell, Jemma Redgrave, Joanna Page, Ingrid Oliver, Peter de Jersey, Ken Bones]","[Nick Hurran, Steven Moffat]","[Science Fiction, Adventure]"
Capernaum,2018-10-06,"[Zain Al Rafeea, Yordanos Shiferaw, Boluwatife Treasure Bankole, Nadine Labaki]","[Nadine Labaki, Nadine Labaki]",[Drama]
Princess Mononoke,1997-07-12,"[Yuriko Ishida, Yūko Tanaka, Kaoru Kobayashi, Masahiko Nishimura, Tsunehiko Kamijô, Tetsu Watanabe, Hisaya Morishige, Takako Fuji]","[Hayao Miyazaki, Hayao Miyazaki, Toshio Suzuki, Joe Hisaishi, Hayao Miyazaki, Takeshi Seyama, Nizou Yamamoto, Yasuyoshi Tokuma, Masaaki Endou]","[Adventure, Fantasy, Animation]"
The Handmaiden,2016-06-01,"[Kim Min-hee, Kim Tae-ri, Ha Jung-woo, Cho Jin-woong, Kim Hae-sook, Moon So-ri, Lee Yong-nyeo, Lee Dong-hwi, Jo Eun-hyung, Ha Si-yeon, Jeong Ha-dam, Kim In-woo]","[Park Chan-wook, Park Chan-wook, Cho Young-wuk, Kim Sang-beom, Ryu Seong-hee, Chung Seo-kyung, Sarah Waters, Cho Sang-kyung, Chung Chung-hoon, Jeong Won-jo, Miky Lee, Kim Jae-beom]","[Thriller, Drama, Romance]"
Ikiru,1952-10-09,"[Takashi Shimura, Haruo Tanaka, Nobuo Kaneko, Miki Odagiri, Minoru Chiaki, Kamatari Fujiwara, Nobuo Nakamura, Atsushi Watanabe, Isao Kimura, Masao Shimizu, Yūnosuke Itō, Kumeko Urabe, Eiko Miyoshi, Noriko Honma, Yatsuko Tan'ami]","[Akira Kurosawa, Asakazu Nakai, Akira Kurosawa, Shinobu Hashimoto, Akira Kurosawa, Fumio Hayasaka, Sôjirô Motoki, Akio Nojima, Hideo Oguni]",[Drama]
Black Mirror: White Christmas,2014-12-16,"[Jon Hamm, Rafe Spall, Oona Chaplin, Natalia Tena, Janet Montgomery, Rasmus Hardiker, Ken Drury, Dan Li, Beatrice Curnew, Liz May Brice]","[Carl Tibbetts, Charlie Brooker, Shaheen Baig]","[Drama, Mystery, Science Fiction, Thriller, TV Movie]"
Twin Peaks,1989-12-31,"[Kyle MacLachlan, Michael Ontkean, Mädchen Amick, Dana Ashbrook, Richard Beymer, Lara Flynn Boyle, Sherilyn Fenn, Warren Frost, Peggy Lipton, James Marshall, Everett McGill, Jack Nance, Ray Wise, Joan Chen, Piper Laurie, Sheryl Lee, Wendy Robie, Russ Tamblyn, Mary Jo Deschanel]","[David Lynch, David Lynch, Mark Frost, Ronald Víctor García, Angelo Badalamenti, David Lynch, Mark Frost, Richard Hoover]","[Drama, Mystery]"
Dead Poets Society,1989-06-02,"[Robin Williams, Ethan Hawke, Robert Sean Leonard, Gale Hansen, Josh Charles, Dylan Kussman, Allelon Ruggiero, James Waterston, Norman Lloyd, Kurtwood Smith, Leon Pownall, George Martin, Alexandra Powers, Melora Walters]","[Peter Weir, Tom Schulman, John Seale, Maurice Jarre, William M. Anderson, Steven Haft, Paul Junger Witt, Tony Thomas, Howard Feuer, Wendy Stites, Tom Schulman]",[Drama]
My Friends,1975-06-06,"[Ugo Tognazzi, Gastone Moschin, Philippe Noiret, Adolfo Celi, Bernard Blier, Marisa Traversi, Milena Vukotic, Olga Karlatos, Silvia Dionisio, Mauro Vestri, Mario Scarpetta, Edda Ferronao, Sergio Forconi]","[Mario Monicelli, Tullio Pinelli, Carlo Rustichelli]",[Comedy]
Mommy,2014-05-22,"[Anne Dorval, Suzanne Clément, Antoine-Olivier Pilon, Patrick Huard, Alexandre Goyette, Michèle Lituac, Viviane Pascal, Natalie Hamel-Roy, Isabelle Nélisse, Ted Pluviose, Pierre-Yves Cardinal, Reda Guerinik, Justin Laramée, Sabrina Bisson, Huguette Gervais, Vincent Fafard, Jean-Philippe Baril-Guérard, Dominic Desnoyers, Guenièvre Sandré, Isabeau Blanche]","[Xavier Dolan, Xavier Dolan, Xavier Dolan, Xavier Dolan, Xavier Dolan, André Turpin]",[Drama]
Paths of Glory,1957-09-18,"[Kirk Douglas, Ralph Meeker, Adolphe Menjou, George Macready, Wayne Morris, Richard Anderson, Timothy Carey, Christiane Kubrick, Jerry Hausner, Peter Capell, Emile Meyer, Bert Freed, Kem Dibbs, James B. Harris]","[Stanley Kubrick, Stanley Kubrick, Stanley Kubrick, Jim Thompson, Kirk Douglas, James B. Harris, Gerald Fried, Georg Krause, Eva Kroll, Martin Müller, Helmut Ringelmann, Franz-Josef Spieker, Hans Stumpf]","[Drama, War]"
The Legend of 1900,1998-10-28,"[Tim Roth, Pruitt Taylor Vince, Bill Nunn, Gabriele Lavia, Clarence Williams III, Mélanie Thierry, Peter Vaughan, Alberto Vazquez, Nicola Di Pinto, Anita Zagaria]","[Giuseppe Tornatore, Giuseppe Tornatore, Ennio Morricone]","[Drama, Music, Romance]"
Rear Window,1954-08-01,"[James Stewart, Grace Kelly, Wendell Corey, Thelma Ritter, Raymond Burr, Judith Evelyn, Ross Bagdasarian, Georgine Darcy, Sara Berner, Frank Cady, Jesslyn Fax, Bess Flowers, Kathryn Grant, Marla English, Alfred Hitchcock, Anthony Warde, Gig Young]","[Alfred Hitchcock, Alfred Hitchcock, James C. Katz, Franz Waxman, Robert Burks, George Tomasini, Hal Pereira, Sam Comer, Ray Moyer, Edith Head, Wally Westmore, C.O. Erickson, Cornell Woolrich, John Michael Hayes, Herbert Coleman]","[Drama, Mystery, Thriller]"
Tokyo Story,1953-11-03,"[Chishū Ryū, Chieko Higashiyama, Setsuko Hara, Haruko Sugimura, Sô Yamamura, Kuniko Miyake, Kyôko Kagawa, Eijirō Tōno, Nobuo Nakamura, Shirô Ôsaka, Teruko Nagaoka, Toyo Takahashi, Tôru Abe]","[Yasujirō Ozu, Kōgo Noda, Yasujirō Ozu, Takanobu Saitô, Yûharu Atsuta]",[Drama]
Léon: The Professional,1994-09-14,"[Jean Reno, Natalie Portman, Gary Oldman, Danny Aiello, Peter Appel, Michael Badalucco, Ellen Greene, Carl J. Matusovich, Eric Challier, Don Creech, Jernard Burks, Matt De Matt, Frank Senger, Lucius Wyatt 'Cherokee', Maïwenn, Luc Bernard]","[Luc Besson, Patrice Ledoux, Eric Serra, Thierry Arbogast, Sylvie Landra, Todd M. Thaler, Dan Weil, Magali Guidasci, Luc Besson, Pascal Chaumeil, Peter Bucossi, Michael E. Phillips]","[Thriller, Crime, Drama]"
Persona,1966-10-18,"[Bibi Andersson, Liv Ullmann, Margaretha Krook, Gunnar Björnstrand, Jörgen Lindström]","[Ingmar Bergman, Ingmar Bergman, Ingmar Bergman, Lars Johan Werle, Sven Nykvist]",[Drama]
In a Heartbeat,2017-06-01,[],"[Beth David, Esteban Bravo, Beth David, Esteban Bravo, Beth David, Esteban Bravo, Michael Kahn]","[Family, Animation, Romance, Comedy]"
The Pianist,2002-09-17,"[Adrien Brody, Thomas Kretschmann, Frank Finlay, Maureen Lipman, Emilia Fox, Ed Stoppard, Michal Zebrowski, Wanja Mues, Richard Ridings, Thomas Lawinky, Joachim Paul Assböck, Paul Bradley]","[Roman Polanski, Ronald Harwood, Roman Polanski, Alain Sarde, Hervé de Luze, Wojciech Kilar, Pawel Edelman, Robert Benmussa, Celestia Fox, Heta Mantscheff, Allan Starski, Nenad Pečur, Anna B. Sheppard, Weronika Migon]","[Drama, War]"
Witness for the Prosecution,1957-12-17,"[Tyrone Power, Marlene Dietrich, Charles Laughton, Elsa Lanchester, John Williams, Henry Daniell, Ian Wolfe, Torin Thatcher, Norma Varden, Una O'Connor, Francis Compton, Ruta Lee, Bess Flowers, Leoda Richards, Patrick Aherne, Eddie Baker, Brandon Beach, Colin Kenny]","[Billy Wilder, Agatha Christie, Lawrence B. Marcus, Billy Wilder, Harry Kurnitz, Arthur Hornblow Jr., Daniel Mandell, Fred Lau, Emmett Emerson, Wally Westmore, Edward Small, Matty Malneck, Russell Harlan, Alexandre Trauner, Howard Bristol]","[Drama, Mystery, Crime]"
Big Deal on Madonna Street,1958-06-06,"[Vittorio Gassman, Marcello Mastroianni, Renato Salvatori, Totò, Claudia Cardinale, Tiberio Murgia, Memmo Carotenuto, Carlo Pisacane, Carla Gravina, Rossana Rory, Nino Marchetti, Gina Rovere, Elena Fabrizi, Mario Feliciani, Mimmo Poli, Mario De Simone, Gustavo Serena]","[Mario Monicelli, Piero Umiliani, Agenore Incrocci, Agenore Incrocci, Furio Scarpelli, Furio Scarpelli, Suso Cecchi d'Amico, Mario Monicelli]","[Comedy, Crime]"
Call Me by Your Name,2017-09-01,"[Timothée Chalamet, Armie Hammer, Michael Stuhlbarg, Amira Casar, Esther Garrel, Victoire Du Bois, Vanda Capriolo, André Aciman, Peter Spears]","[Luca Guadagnino, James Ivory, Rodrigo Teixeira, Walter Fasano, Sayombhu Mukdeeprom, Peter Spears, Luca Guadagnino, André Aciman, James Ivory, Sophie Mas]","[Romance, Drama]"
Modern Times,1936-02-05,"[Charlie Chaplin, Paulette Goddard, Henry Bergman, Tiny Sandford, Chester Conklin, Hank Mann, Stanley Blystone, Al Ernest Garcia, Richard Alexander, Murdock MacQuarrie, Wilfred Lucas, Edward LeSaint, Fred Malatesta, Sammy Stein, Gloria DeHaven]","[Charlie Chaplin, Charlie Chaplin, Charlie Chaplin, Ira H. Morgan, Roland Totheroh, Willard Nico, Al Ernest Garcia, Charlie Chaplin, J. Russell Spencer, Charles D. Hall, Charles D. Hall, J. Russell Spencer, Henry Bergman, Alfred Newman, Edward B. Powell, Charlie Chaplin, Carter DeHaven, Bud Thackery, Frank Maher]","[Drama, Comedy]"
Se7en,1995-09-22,"[Brad Pitt, Morgan Freeman, Gwyneth Paltrow, John C. McGinley, R. Lee Ermey, Richard Roundtree, Richard Schiff, Mark Boone Junior, John Cassini, Reg E. Cathey, Hawthorne James, Michael Massee, Leland Orser, Richard Portnow, Daniel Zacapa, Alfonso Freeman, Harris Savides, Andrew Kevin Walker]","[Andrew Kevin Walker, Phyllis Carlyle, Arnold Kopelson, Anne Kopelson, Howard Shore, Darius Khondji, Richard Francis-Bruce, Kerry Barden, Billy Hopkins, Suzanne Smith, Arthur Max, Gary Wissner, Clay A. Griffith, Michael Kaplan, Dan Kolsrud, David Fincher]","[Crime, Mystery, Thriller]"
The Best of Youth,2003-05-19,"[Luigi Lo Cascio, Alessio Boni, Adriana Asti, Maya Sansa, Valentina Carnelutti, Jasmine Trinca, Lidia Vitale, Claudio Gioè, Riccardo Scamarcio, Stefano Abbati, Giovanni Martorana]","[Sandro Petraglia, Stefano Rulli, Roberto Missiroli, Elisabetta Montaldo, Fulgenzio Ceccon]",[Drama]
Andrei Rublev,1966-12-16,"[Anatoliy Solonitsyn, Nikolay Grinko, Nikolai Sergeyev, Irma Raush, Nikolay Burlyaev, Yuriy Nazarov, Mikhail Kononov, Yuriy Nikulin, Stepan Krylov, Anatoliy Obukhov, Aleksandr Titov, Vladimir Vasiliev]","[Vyacheslav Ovchinnikov, Vadim Yusov, Andrei Tarkovsky, Andrei Konchalovsky, Andrei Tarkovsky, Sergey Voronkov]","[Drama, History]"
The Lord of the Rings: The Fellowship of the Ring,2001-12-18,"[Elijah Wood, Ian McKellen, Viggo Mortensen, Sean Astin, Liv Tyler, Orlando Bloom, John Rhys-Davies, Dominic Monaghan, Billy Boyd, Sean Bean, Andy Serkis, Cate Blanchett, Christopher Lee, Hugo Weaving, Ian Holm, Marton Csokas, Craig Parker, Lawrence Makoare, Sala Baker, Sarah McLeod]","[Peter Jackson, Peter Jackson, Barrie M. Osborne, Bob Weinstein, Harvey Weinstein, Mark Ordesky, Michael Lynne, J.R.R. Tolkien, Peter Jackson, Fran Walsh, Philippa Boyens, Howard Shore, Andrew Lesnie, Grant Major, John Gilbert, Philip Ivey, Mark Robins, Ngila Dickson]","[Adventure, Fantasy, Action]"
Il Sorpasso,1962-12-04,"[Vittorio Gassman, Catherine Spaak, Jean-Louis Trintignant, Claudio Gora, Mila Stanic, Linda Sini, Franca Polesello, Lilly Darelli, Edda Ferronao, Jacques Stany]","[Ettore Scola, Riz Ortolani, Mario Cecchi Gori, Alfio Contini, Maurizio Lucidi]","[Drama, Comedy]"
Green Book,2018-11-16,"[Viggo Mortensen, Mahershala Ali, Linda Cardellini, Dimiter D. Marinov, Iqbal Theba, Sebastian Maniscalco, P. J. Byrne, Tom Virtue, Don Stark, Brian Stepanek, Dennis W. Hall, Maggie Nixon, Brian Distance, Nick Vallelonga]","[Peter Farrelly, Sean Porter, Nick Vallelonga, Brian Hayes Currie, Peter Farrelly, Jim Burke, Charles B. Wessler, Brian Hayes Currie, Peter Farrelly, Nick Vallelonga, John Sloss, Octavia Spencer, Tim Galvin, Scott Plauche]","[Drama, Comedy]"
Inception,2010-07-15,"[Leonardo DiCaprio, Joseph Gordon-Levitt, Ellen Page, Tom Hardy, Ken Watanabe, Cillian Murphy, Marion Cotillard, Michael Caine, Dileep Rao, Tom Berenger, Pete Postlethwaite, Lukas Haas, Talulah Riley, Taylor Geare, Claire Geare, Johnathan Geare, Yuji Okumoto, Earl Cameron, Ryan Hayward]","[Christopher Nolan, Emma Thomas, Wally Pfister, Lee Smith, Christopher Nolan, John Papsidera, Dean Wolcott, Larry Dias, Hans Zimmer, Richard King, Lora Hirschberg, Gary Rizzo]","[Action, Science Fiction, Adventure]"
Avengers: Infinity War,2018-04-25,"[Robert Downey Jr., Chris Hemsworth, Chris Evans, Mark Ruffalo, Scarlett Johansson, Benedict Cumberbatch, Tom Holland, Chadwick Boseman, Don Cheadle, Zoe Saldana, Karen Gillan, Elizabeth Olsen, Paul Bettany, Anthony Mackie, Sebastian Stan, Tom Hiddleston, Idris Elba, Danai Gurira, Peter Dinklage, Benedict Wong]","[Kevin Feige, Joe Russo, Anthony Russo, Stephen McFeely, Jon Favreau, Alan Silvestri, Louis D'Esposito, Stan Lee, Alan Fine, Jack Kirby, Trent Opaloch, Judianna Makovsky, Christopher Markus, Jim Starlin, Sarah Finn, Charles Wood, Jann K. Engel, Sean Ryan Jennings]","[Adventure, Action, Fantasy]"
The Silence of the Lambs,1991-02-01,"[Jodie Foster, Anthony Hopkins, Scott Glenn, Ted Levine, Anthony Heald, Brooke Smith, Kasi Lemmons, Frankie Faison, Tracey Walter, Charles Napier, Danny Darst, Dan Butler, Paul Lazar, Ron Vawter, Roger Corman]","[Jonathan Demme, Tak Fujimoto, Craig McKay, Ted Tally, Kristi Zea, Tim Galvin, Thomas Harris, Howard Feuer, Kenneth Utt, Edward Saxon, Ronald M. Bozman, Gary Goetzman, Howard Shore, Sharon Boyle]","[Crime, Drama, Thriller]"
A Silent Voice,2016-09-17,"[Miyu Irino, Saori Hayami, Aoi Yuki, Kensho Ono, Yui Ishikawa, Megumi Han, Toshiyuki Toyonaga]","[Youta Tsuruoka, Kensuke Ushio]","[Drama, Animation, Romance]"
The Lord of the Rings: The Two Towers,2002-12-18,"[Elijah Wood, Ian McKellen, Viggo Mortensen, Sean Astin, Liv Tyler, Orlando Bloom, John Rhys-Davies, Dominic Monaghan, Billy Boyd, Andy Serkis, Cate Blanchett, Christopher Lee, Hugo Weaving, Bernard Hill, Karl Urban, Miranda Otto, David Wenham, Brad Dourif, Craig Parker, Olivia Tennet]","[Peter Jackson, Barrie M. Osborne, Bob Weinstein, Harvey Weinstein, Mark Ordesky, Michael Lynne, J.R.R. Tolkien, Peter Jackson, Fran Walsh, Philippa Boyens, Andrew Lesnie, Philip Ivey, Mark Robins, Alan Lee, John Howe, Dan Hennah, Ngila Dickson, Richard Taylor]","[Adventure, Fantasy, Action]"
Once Upon a Time in the West,1968-12-21,"[Claudia Cardinale, Henry Fonda, Jason Robards, Charles Bronson, Gabriele Ferzetti, Paolo Stoppa, Woody Strode, Jack Elam, Keenan Wynn, Lionel Stander, Marco Zuanelli, Al Mulock, Michael Harvey, Benito Stefanelli, Antonio Molino Rojo, Fabio Testi]","[Sergio Leone, Ennio Morricone, Tonino Delli Colli, Nino Baragli, Carlo Simi, Antonella Pompei, Carlo Simi, John Landis, Dario Argento, Bernardo Bertolucci, Sergio Leone, Sergio Leone, Roberto Arcangeli]",[Western]
High and Low,1963-03-01,"[Toshirō Mifune, Tatsuya Nakadai, Kyôko Kagawa, Tatsuya Mihashi, Isao Kimura, Kenjiro Ishiyama, Takeshi Katô, Takashi Shimura, Nobuo Nakamura, Yūnosuke Itō, Tsutomu Yamazaki, Minoru Chiaki, Eijirō Tōno, Masao Shimizu, Yutaka Sada, Kyû Sazanka]","[Akira Kurosawa, Akira Kurosawa, Tomoyuki Tanaka, Masaru Satô, Asakazu Nakai, Takao Saitô, Hideo Oguni, Evan Hunter, Akira Kurosawa, Masanobu Deme]","[Crime, Drama, Mystery, Thriller]"
Come and See,1985-07-01,"[Aleksei Kravchenko, Olga Mironova, Liubomiras Laucevicius, Jüri Lumiste]","[Elem Klimov, Elem Klimov, Alexey Rodionov]","[Drama, History, War]"
The Intouchables,2011-11-02,"[François Cluzet, Omar Sy, Audrey Fleurot, Anne Le Ny, Clotilde Mollet, Alba Gaïa Bellugi, Salimata Kamate, Absa Diatou Toure, Dominique Daguier, François Caron, Thomas Solivérès, Grégoire Oestermann, Dorothée Brière, Joséphine de Meaux, Emilie Caen, Sylvain Lazard]","[Eric Toledano, Olivier Nakache, Eric Toledano, Olivier Nakache, Mathieu Vadepied, Isabelle Pannetier, Mathieu Vadepied]","[Drama, Comedy]"
The Kid,1921-01-21,"[Charlie Chaplin, Jackie Coogan, Edna Purviance, Albert Austin, Carl Miller, Henry Bergman, Kitty Bradbury, F. Blinn]","[Charlie Chaplin, Roland Totheroh, Charles D. Hall, Charlie Chaplin, Charlie Chaplin, Charlie Chaplin, Charlie Chaplin, A. Edward Sutherland, Charles Reisner]","[Comedy, Drama]"
Interstellar,2014-11-05,"[Matthew McConaughey, Jessica Chastain, Anne Hathaway, Michael Caine, Casey Affleck, Mackenzie Foy, Timothée Chalamet, Bill Irwin, Matt Damon, Ellen Burstyn, John Lithgow, Wes Bentley, Topher Grace, David Oyelowo, David Gyasi, William Devane, Josh Stewart, Collette Wolfe, Leah Cairns, Russ Fega]","[David F. Klassen, Eric Sundahl, Lee Smith, Christopher Nolan, Lynda Obst, Christopher Nolan, Hoyte van Hoytema, Hans Zimmer, Jonathan Nolan, Christopher Nolan, Nathan Crowley, Mary Zophres, Emma Thomas, John Papsidera, Gary Fettis]","[Adventure, Drama, Science Fiction]"
Loving Vincent,2017-06-22,"[Robert Gulaczyk, Douglas Booth, Jerome Flynn, Saoirse Ronan, Helen McCrory, Chris O'Dowd, John Sessions, Eleanor Tomlinson, Aidan Turner, Holly Earl, Cezary Łukaszewicz, Martin Herdman, James Greene, Robin Hodges]","[Dorota Kobiela, Hugh Welchman, Dorota Kobiela, Hugh Welchman, Jacek won Dehnel, Ivan Mactaggart, Jennifer Duffy, Terry Bamber, Clint Mansell, Łukasz Żal, Dorota Kobiela]","[Animation, Drama, Mystery]"
On My Skin,2018-08-29,"[Alessandro Borghi, Max Tortora, Jasmine Trinca, Mauro Conte, Paolo D Bovani]","[Alessio Cremonini, Alessio Cremonini]",[Drama]
Stalker,1979-04-16,"[Aleksandr Kaydanovskiy, Anatoliy Solonitsyn, Nikolay Grinko, Alisa Freyndlikh, Natasha Abramova, Faime Jurno, Evgeniy Kostin]","[Andrei Tarkovsky, Andrei Tarkovsky, Leonid Kalashnikov, Aleksandr Boym, Evgeny Tsymbal, Andrei Tarkovsky, Eduard Artemiev, Boris Strugatskiy]","[Science Fiction, Drama]"
Wonder,2017-11-13,"[Jacob Tremblay, Owen Wilson, Julia Roberts, Danielle Rose Russell, Daveed Diggs, Bryce Gheisar, Elle McKinnon, Izabela Vidovic, Noah Jupe, Millie Davis, Ali Liebert, Nadji Jeter, Kyle Breitkopf, James A Hughes, Nicole Oliver, Rachel Hayward, Crystal Lowe, Steve Bacic, Ben Ratner]","[Stephen Chbosky, David Hoberman, Todd Lieberman, Mark Livolsi, Steve Conrad, Don Burgess, Deborah Aquila, Kara Eide, Tricia Wood, Kalina Ivanov, Monique Prudhomme, Dean Eilertson]","[Drama, Family]"
Back to the Future,1985-07-03,"[Michael J. Fox, Christopher Lloyd, Lea Thompson, Crispin Glover, Thomas F. Wilson, Claudia Wells, Marc McClure, Wendie Jo Sperber, Frances Lee McCain, James Tolkan, Billy Zane, J.J. Cohen, Casey Siemaszko, Cristen Kauffman, Elsa Raven, Will Hare]","[Robert Zemeckis, Bob Gale, Neil Canton, Dean Cundey, Alan Silvestri, Harry Keramidas, Arthur Schmidt, Lawrence G. Paull, Jane Feinberg, Mike Fenton, Judy Taylor, Robert Zemeckis, Bob Gale, Kathleen Kennedy, Frank Marshall, Steven Spielberg, Todd Hallowell, Hal Gausman, Deborah Lynn Scott, Dorothy Byrne]","[Adventure, Comedy, Science Fiction, Family]"
The Invisible Guest,2016-09-22,"[Mario Casas, José Coronado, Bárbara Lennie, Ana Wagener, Paco Tous, David Selvas, Cristian Valencia]","[Oriol Paulo, Oriol Paulo]","[Mystery, Crime, Thriller]"
Apocalypse Now,1979-08-15,"[Martin Sheen, Marlon Brando, Robert Duvall, Frederic Forrest, Sam Bottoms, Laurence Fishburne, Albert Hall, Harrison Ford, Dennis Hopper, G. D. Spradlin, Jerry Ziesmer, Scott Glenn, James Keane, Kerry Rossall, Colleen Camp, Cynthia Wood, Linda Carpenter, Jack Thibeau, Tom Mason, Damien Leake]","[Francis Ford Coppola, Francis Ford Coppola, Carmine Coppola, Vittorio Storaro, Lisa Fruchtman, Gerald B. Greenberg, Walter Murch, Vic Ramos, Dean Tavoularis, Angelo P. Graham, George R. Nelson, Fred C. Blau Jr., Leon Chooluck, Barrie M. Osborne, Walter Murch, Joseph Conrad, Kerry Rossall, Jerry Ross]","[Drama, War]"
The Apartment,1960-06-15,"[Jack Lemmon, Shirley MacLaine, Fred MacMurray, Ray Walston, Jack Kruschen, David Lewis, Hope Holiday, Joan Shawlee, Naomi Stevens, Johnny Seven, Joyce Jameson, Willard Waterman, David White, Edie Adams, Ralph Moratz, Joe Palma, Bill Baldwin, Lynn Cartwright]","[Billy Wilder, Adolph Deutsch, Joseph LaShelle, Daniel Mandell, Alexandre Trauner, Edward G. Boyle, Billy Wilder, Billy Wilder, I. A. L. Diamond]","[Comedy, Drama, Romance]"
It's a Wonderful Life,1946-12-20,"[James Stewart, Donna Reed, Lionel Barrymore, Henry Travers, Thomas Mitchell, Ward Bond, Frank Faylen, Beulah Bondi, Todd Karns, Mary Treen, Charles Williams, Gloria Grahame, Frank Albertson, H.B. Warner, Virginia Patton, Samuel S. Hinds, Lillian Randolph, Sheldon Leonard, Sarah Edwards, Charles Halton]","[Frank Capra, Philip Van Doren Stern, Frank Capra, Joseph F. Biroc, Joseph Walker, William Hornbeck, Jack Okey, Frances Goodrich, Albert Hackett, Frank Capra, Jo Swerling, Michael Wilson, Dimitri Tiomkin, Gordon Bau, Clem Portman, Emile Kuri, William Cameron Menzies]","[Drama, Family, Fantasy]"
The Hate U Give,2018-10-19,"[Amandla Stenberg, Regina Hall, Russell Hornsby, K.J. Apa, Common, Anthony Mackie, Lamar Johnson, Issa Rae, Sabrina Carpenter, Dominique Fishback, Tony Vaughn, Susan Santiago, Marcia Wright]","[George Tillman, Jr., Audrey Wells, Robert Teitel, George Tillman, Jr., Marty Bowen, Wyck Godfrey, Dustin O'Halloran, Mihai Malaimare Jr., Frank Galline, Andrea C. Brotherton, Janice Tunnell]","[Crime, Drama]"
Vertigo,1958-05-09,"[James Stewart, Kim Novak, Barbara Bel Geddes, Tom Helmore, Henry Jones, Raymond Bailey, Ellen Corby, Konstantin Shayne, Lee Patrick, Bess Flowers]","[Alfred Hitchcock, Alfred Hitchcock, James C. Katz, Bernard Herrmann, Robert Burks, George Tomasini, Henry Bumstead, Hal Pereira, Alec Coppel, Samuel A. Taylor, Edith Head, Sam Comer, Pierre Boileau, Thomas Narcejac, Richard Mueller, John P. Fulton, Farciot Edouart, W. Wallace Kelley]","[Mystery, Romance, Thriller]"
The Lion King,1994-05-07,"[Matthew Broderick, Jonathan Taylor Thomas, James Earl Jones, Jeremy Irons, Moira Kelly, Niketa Calame, Ernie Sabella, Nathan Lane, Robert Guillaume, Rowan Atkinson, Whoopi Goldberg, Cheech Marin, Jim Cummings, Madge Sinclair, Joseph Williams, Jason Weaver, Sally Dworsky, Zoe Leader, Frank Welker]","[Roger Allers, Rob Minkoff, Linda Woolverton, Jonathan Roberts, Irene Mecchi, Hans Zimmer, Ivan Bilancio, Anthony DeRosa, Tim Allen, Carl Canga, Chris Sanders, Andrew Gaskill]","[Family, Animation, Drama]"
Love Exposure,2008-11-29,"[Takahiro Nishijima, Hikari Mitsushima, Makiko Watanabe, Sakura Ando, Atsuro Watabe, Jai West, Keisuke Horibe, Itsuji Itao, Yutaka Shimizu, Motoki Fukami, Taka Okubo, Jyonmyon Pe]","[Sion Sono, Sion Sono]","[Action, Comedy, Drama, Romance]"
Metropolis,1927-01-10,"[Alfred Abel, Gustav Fröhlich, Rudolf Klein-Rogge, Fritz Rasp, Theodor Loos, Erwin Biswanger, Heinrich George, Brigitte Helm, Olaf Storm, Helene Weigel, Margarete Lanner, Hanns Leo Reich, Heinrich Gotho, Grete Berger, Curt Siodmak, Helen von Münchofen, Georg John, Arthur Reinhardt]","[Erich Pommer, Fritz Lang, Fritz Lang, Karl Freund, Günther Rittau, Walter Ruttmann, Edgar G. Ulmer, Fritz Lang, Thea von Harbou, Karl Vollbrecht, Erich Kettelhut, Konstantin Irmen-Tschet, Eugen Schüfftan, Robert Baberske]","[Drama, Science Fiction]"
All About Eve,1950-11-09,"[Bette Davis, Anne Baxter, George Sanders, Celeste Holm, Gary Merrill, Hugh Marlowe, Gregory Ratoff, Thelma Ritter, Marilyn Monroe, Barbara Bates, Walter Hampden, Randy Stuart, Craig Hill, Leland Harris, Barbara White, William Pullen, Eugene Borden, Helen Mowery, Steven Geray]","[Joseph L. Mankiewicz, Joseph L. Mankiewicz, Darryl F. Zanuck, Alfred Newman, Milton Krasner, Barbara McLean, George W. Davis, Thomas Little, Walter M. Scott, Edith Head, Lyle R. Wheeler, Ben Nye, Gaston Glass]",[Drama]
The Usual Suspects,1995-07-19,"[Stephen Baldwin, Kevin Spacey, Gabriel Byrne, Chazz Palminteri, Kevin Pollak, Pete Postlethwaite, Suzy Amis, Giancarlo Esposito, Benicio del Toro, Dan Hedaya, Paul Bartel, Carl Bressler, Christine Estabrook, Clark Gregg, Morgan Hunter, Louis Lombardi, Frank Medrano, Peter Greene]","[Bryan Singer, Bryan Singer, Michael McDonnell, Robert Jones, Newton Thomas Sigel, John Ottman, Francine Maisler, Howard Cummings, David Lazan, Sara Andrews, Louise Mingenbach, Vicky Herman, John Ottman, Kenneth Kokin, Christopher McQuarrie, Geoffrey Patterson]","[Drama, Crime, Thriller]"
Oldboy,2003-09-28,"[Choi Min-sik, Yoo Ji-tae, Kang Hye-jung, Kim Byung-ok, Oh Dal-su, Yoon Jin-seo, Ji Dae-han, Oh Tae-kyung, Yoo Yeon-seok, Oh Gwang-rok, Lee Dae-yeon, Park Myung-shin, Kim Su-hyeon]","[Park Chan-wook, Hwang Jo-yun, Park Chan-wook, Kim Sang-beom, Chung Chung-hoon, Ryu Seong-hee, Cho Sang-kyung, Cho Young-wuk, Ryu Seong-hee, Yang Hong-sam, Syd Lim, Lee Seung-chul, Shim Hyun-jung, Kim Dong-joo]","[Drama, Thriller, Mystery, Action]"
Bicycle Thieves,1948-11-24,"[Lamberto Maggiorani, Enzo Staiola, Sergio Leone, Mario Meniconi, Memmo Carotenuto]","[Vittorio De Sica, Vittorio De Sica, Eraldo Da Roma, Cesare Zavattini, Suso Cecchi d'Amico, Vittorio De Sica, Alessandro Cicognini, Antonio Traverso, Sergio Leone]",[Drama]
8½,1963-02-14,"[Marcello Mastroianni, Claudia Cardinale, Anouk Aimée, Sandra Milo, Rossella Falk, Barbara Steele, Madeleine Lebeau, Eddra Gale, Guido Alberti, Cesarino Miceli Picardi, Mario Pisu, Mino Doro]","[Federico Fellini, Federico Fellini, Ennio Flaiano, Tullio Pinelli, Brunello Rondi, Nino Rota, Leonor Fini]","[Fantasy, Drama]"
I Corti,1996-01-01,"[Aldo Baglio, Giacomo Poretti, Giovanni Storti, Marina Massironi]",[],[]
Piper,2016-06-16,[],"[Adrian Belew, John Lasseter, Andrew Stanton, James W. Brown]","[Family, Animation]"
"Sherlock, Jr.",1924-04-21,"[Buster Keaton, Kathryn McGuire, Joe Keaton, Erwin Connelly, Ward Crane, George Davis, Kewpie Morgan, Steve Murphy, John Patrick]","[Buster Keaton, Buster Keaton, Clyde Bruckman, Joseph M. Schenck, Elgin Lessley, Buster Keaton, Jean C. Havez, Joseph A. Mitchell]","[Action, Comedy, Mystery]"
Star Wars,1977-05-25,"[Mark Hamill, Harrison Ford, Carrie Fisher, Peter Cushing, Alec Guinness, Anthony Daniels, Kenny Baker, Peter Mayhew, David Prowse, James Earl Jones, Phil Brown, Shelagh Fraser, Jack Purvis, Alex McCrindle, Eddie Byrne, Drewe Henley, Denis Lawson, Garrick Hagon, Jack Klaff, William Hootkins]","[George Lucas, George Lucas, Gary Kurtz, John Williams, Gilbert Taylor, George Lucas, Richard Chew, Paul Hirsch, Marcia Lucas, Dianne Crittenden, Irene Lamb, Vic Ramos, John Barry, Leslie Dilley, Norman Reynolds, Roger Christian, John Mollo, Phil Tippett, Ben Burtt]","[Adventure, Action, Science Fiction]"
The Shining,1980-05-22,"[Jack Nicholson, Shelley Duvall, Danny Lloyd, Scatman Crothers, Barry Nelson, Philip Stone, Anne Jackson, Tony Burton, Barry Dennen, Manning Redwood]","[Stanley Kubrick, Stanley Kubrick, Stephen King, Diane Johnson, Stanley Kubrick, Jan Harlan, Wendy Carlos, Rachel Elkind, John Alcott, Ray Lovejoy, James Liggat, Roy Walker, Milena Canonero, Tom Smith]","[Horror, Thriller]"
Memento,2000-10-11,"[Guy Pearce, Carrie-Anne Moss, Joe Pantoliano, Mark Boone Junior, Stephen Tobolowsky, Harriet Sansom Harris, Callum Keith Rennie, Larry Holden, Jorja Fox, Russ Fega, Thomas Lennon, Kimberly Campbell, Marianne Muellerleile]","[Christopher Nolan, Christopher Nolan, Jennifer Todd, Suzanne Todd, Aaron Ryder, David Julyan, Wally Pfister, Patti Podesta, John Papsidera, Dody Dorn, Christopher Ball, William Tyrer, Emma Thomas, Danielle Berman, Cindy Evans, Steve Gehrke, David Klotz]","[Mystery, Thriller]"
Double Indemnity,1944-04-24,"[Fred MacMurray, Barbara Stanwyck, Edward G. Robinson, Porter Hall, Richard Gaines, Jean Heather, Tom Powers, Fortunio Bonanova, Byron Barr, John Berry, Raymond Chandler, Edmund Cobb, Bess Flowers, Eddie Hall, Teala Loring, Sam McDaniel, Billy Mitchell, Clarence Muse]","[Billy Wilder, James M. Cain, Billy Wilder, Raymond Chandler, Buddy G. DeSylva, Miklós Rózsa, John F. Seitz, Hans Dreier, Hal Pereira, Edith Head, Wally Westmore, Charles C. Coleman, Farciot Edouart]","[Crime, Drama, Mystery, Thriller]"
The Seventh Seal,1957-02-16,"[Max von Sydow, Gunnar Björnstrand, Bengt Ekerot, Nils Poppe, Bibi Andersson, Inga Gill, Maud Hansson, Inga Landgré, Gunnel Lindblom, Åke Fridell, Gunnar Olsson, Erik Strandmark, Benkt-Åke Benktsson]","[Ingmar Bergman, Allan Ekelund, Gunnar Fischer, Ingmar Bergman]","[Fantasy, Drama]"
A Clockwork Orange,1971-12-18,"[Malcolm McDowell, Patrick Magee, Adrienne Corri, Michael Bates, Warren Clarke, Michael Tarn, Sheila Raynor, Clive Francis, Philip Stone, David Prowse, Anthony Sharp]","[Stanley Kubrick, Stanley Kubrick, Stanley Kubrick, Wendy Carlos, John Alcott, James Liggat, John Barry, Anthony Burgess, Max L. Raab, Bill Butler, Milena Canonero, Roy Scammell, Bernard Williams, John Jordan]","[Science Fiction, Drama]"
Bingo: The King of the Mornings,2017-08-24,"[Vladimir Brichta, Leandra Leal, Tainá Müller, Ana Lúcia Torre, Augusto Madeira, Emanuelle Araújo, Domingos Montagner, Fernando Sampaio, Wally Araújo, Luiz Bolognesi]","[Daniel Rezende, Luiz Bolognesi, Lula Carvalho, Caio Gullane, Fabiano Gullane, Cassio Amarante, Anna Van Steen, Claudia Büschel, Beto Villares, Márcio Hashimoto Soares, Cassio Amarante, Felipe Almeida, Hugo Gurgel]","[Comedy, Drama]"
Some Like It Hot,1959-03-18,"[Marilyn Monroe, Tony Curtis, Jack Lemmon, George Raft, Pat O’Brien, Nehemiah Persoff, Joan Shawlee, George E. Stone, Mike Mazurki, Harry Wilson, Beverly Wills, Barbara Drew, Edward G. Robinson Jr., Brandon Beach, Marian Collier, James Dime]","[Billy Wilder, Charles Lang, Billy Wilder, Doane Harrison, Robert Thoeren, Billy Wilder, Adolph Deutsch, Ted Haworth, Edward G. Boyle, Emile LaVigne, Fred Lau]","[Comedy, Romance]"
Rashomon,1950-12-26,"[Toshirō Mifune, Machiko Kyō, Masayuki Mori, Takashi Shimura, Minoru Chiaki, Kichijirô Ueda, Noriko Honma]","[Akira Kurosawa, Ryūnosuke Akutagawa, Akira Kurosawa, Shinobu Hashimoto, Masaichi Nagata, Fumio Hayasaka, Kazuo Miyagawa, Akira Kurosawa, Tai Katô, Tokuzô Tanaka, Fujio Morita]","[Crime, Drama, Mystery]"
Wolf Children,2012-07-21,"[Aoi Miyazaki, Haru Kuroki, Megumi Hayashibara, Tamio Ohki, Shota Sometani, Kumiko Aso, Bunta Sugawara, Takashi Kobayashi, Mitsuki Tanimura]","[Mamoru Hosoda, Mamoru Hosoda, Satoko Okudera, Yuichiro Saito, Takafumi Watanabe, Seiji Okuda]","[Animation, Drama, Family, Fantasy]"
Dersu Uzala,1975-08-02,"[Yuriy Solomin, Maksim Munzuk, Aleksandr Pyatkov, Svetlana Danilchenko, Suimenkul Chokmorov, Nikolay Volkov, Dmitri Korshikov, Vladimir Prikhodko]","[Akira Kurosawa, Akira Kurosawa, Isaak Shvarts, Asakazu Nakai]","[Action, Adventure, Drama]"
Umberto D.,1952-01-20,"[Memmo Carotenuto, Lamberto Maggiorani, Maria Pia Casilio]","[Vittorio De Sica, Cesare Zavattini, Alessandro Cicognini, Eraldo Da Roma, Vittorio De Sica, Giuseppe Rotunno]",[Drama]
Doctor Who: The Time of the Doctor,2013-12-25,"[Matt Smith, Jenna Coleman, Peter Capaldi, Karen Gillan]","[Steven Moffat, Steven Moffat]","[Drama, Science Fiction, TV Movie]"
"Love, Simon",2018-02-16,"[Nick Robinson, Josh Duhamel, Jennifer Garner, Katherine Langford, Alexandra Shipp, Jorge Lendeborg Jr., Keiynan Lonsdale, Logan Miller, Talitha Bateman, Tony Hale, Natasha Rothwell, Miles Heizer, Joey Pollari, Clark Moore, Mackenzie Lintz, Cassady McClincy, Alex Sgambati]","[Timothy M. Bourne, Marty Bowen, Wyck Godfrey, Isaac Klausner, Harry Jierjian, Denise Chamian, Ben Rothstein]","[Comedy, Drama, Romance]"
Five Feet Apart,2019-03-15,"[Haley Lu Richardson, Cole Sprouse, Kimberly Hebert Gregory, Parminder Nagra, Claire Forlani, Emily Baldoni, Gary Weeks, Sue-Lynn Ansari, Cynthia Evans]","[Justin Baldoni, Frank G. DeMarco, Justin Baldoni, Cathy Schulman, Christopher H. Warner]","[Romance, Drama]"
"Three Billboards Outside Ebbing, Missouri",2017-11-10,"[Frances McDormand, Woody Harrelson, Sam Rockwell, John Hawkes, Peter Dinklage, Abbie Cornish, Lucas Hedges, Caleb Landry Jones, Samara Weaving, Zeljko Ivanek, Clarke Peters, Amanda Warren, Kerry Condon, Darrell Britt-Gibson, Kathryn Newton, Sandy Martin, Christopher Berry]","[Martin McDonagh, Martin McDonagh, Graham Broadbent, Peter Czernin, Martin McDonagh, Ben Davis, Jon Gregory, Inbal Weinberg, Jesse Rosenthal, Merissa Lombardo, Melissa Toth, Doug Cooper, Christer Melén, Joakim Sundström]","[Crime, Drama]"
Hotarubi no Mori e,2011-09-17,"[Ayane Sakura, Kouki Uchiyama, Kanehira Yamamoto]","[Takahiro Omori, Yukihiro Shibutani, Takahiro Omori]","[Romance, Animation, Fantasy]"
The Passion of Joan of Arc,1928-04-21,"[Maria Falconetti, Eugène Silvain, André Berley, Maurice Schutz, Antonin Artaud, Michel Simon, Louis Ravet, Alexandre Mihalesco]","[Rudolph Maté, Carl Theodor Dreyer, Carl Theodor Dreyer, Joseph Delteil, Carl Theodor Dreyer, Marguerite Beaugé, Carl Theodor Dreyer, Jesper Kyd]","[Drama, History]"
Coco,2017-10-27,"[Anthony Gonzalez, Gael García Bernal, Benjamin Bratt, Alanna Ubach, Renée Victor, Ana Ofelia Murguía, Edward James Olmos, Alfonso Aráu, Selene Luna, Dyana Ortelli, Herbert Siguenza, Jaime Camil, Sofía Espinosa, Luis Valdez, Lombardo Boyar, Gabriel Iglesias]","[Lee Unkrich, Adrian Molina, Adrian Molina, Matthew Aldrich, Adrian Molina, Lee Unkrich, Matthew Aldrich, Jason Katz, Michael Giacchino, Lee Unkrich, John Lasseter, Carla Hool, Natalie Lyon, Kevin Reher]","[Animation, Family, Comedy, Adventure, Fantasy]"
Lion,2016-11-24,"[Sunny Pawar, Dev Patel, Rooney Mara, David Wenham, Nicole Kidman, Abhishek Bharate, Divian Ladwa, Deepti Naval, Nawazuddin Siddiqui]","[Garth Davis, Luke Davies, Dustin O'Halloran, Alexandre de Franceschi, Kirsty McGregor, Chris Kennedy, Nicki Gardiner]",[Drama]
Taxi Driver,1976-02-07,"[Robert De Niro, Jodie Foster, Albert Brooks, Harvey Keitel, Cybill Shepherd, Peter Boyle, Leonard Harris, Diahnne Abbott, Martin Scorsese, Murray Moston, Victor Argo, Joe Spinell, Frank Adu, Harry Northup]","[Martin Scorsese, Julia Phillips, Michael Phillips, Michael Chapman, Bernard Herrmann, Juliet Taylor, Tom Rolf, Melvin Shapiro, Rick Alexander, Gordon Davidson, Charles Rosen, Ruth Morley, Paul Schrader, Dick Smith, Leslie Bloom]","[Crime, Drama]"
Perfect Blue,1997-07-25,"[Yoku Shioya, Hideyuki Hori, Kiyoyuki Yanada, Shin-ichiro Miki, Akio Suyama, Kishou Taniyama]","[Satoshi Kon, Sadayuki Murai, Nizou Yamamoto]","[Animation, Thriller]"
Miracle in Cell No. 7,2013-01-23,"[Ryu Seung-ryong, Park Shin-hye, Kal So-won, Oh Dal-su, Park Won-sang, Jeong Man-sik, Kim Jung-tae, Kim Ki-chun, Jung Jin-young, Jo Jae-yoon, Jung Han-bi, Cho Duck-hyun, Lee Yun-hee, Kang Ye-seo, Lee Seung-yeon, Kim Se-dong, Park Sang-myeon, Song Lee-woo]","[Kim Na-yeon, Lee Hwan-kyung, Lee Hwan-kyung, Lee Dong-jun, Kim Min-gi, Kim Woo-taek]","[Drama, Comedy]"
Reservoir Dogs,1992-09-02,"[Harvey Keitel, Tim Roth, Michael Madsen, Chris Penn, Steve Buscemi, Lawrence Tierney, Randy Brooks, Kirk Baltz, Edward Bunker, Quentin Tarantino, David Steen, Lawrence Bender, Linda Kaye, Steven Wright]","[Quentin Tarantino, Lawrence Bender, Andrzej Sekula, Sally Menke, Ronnie Yeskel, David Wasco, Quentin Tarantino, Richard N. Gladstein, Monte Hellman, Ronna B. Wallace, Sandy Reynolds-Wasco, Betsy Heimann, Paul Hellerman, Harvey Keitel]","[Crime, Thriller]"
Yojimbo,1961-04-25,"[Toshirō Mifune, Tatsuya Nakadai, Yôko Tsukasa, Isuzu Yamada, Takashi Shimura, Seizaburô Kawazu, Eijirō Tōno, Kamatari Fujiwara, Atsushi Watanabe, Susumu Fujita, Kyû Sazanka, Yōsuke Natsuki, Kô Nishimura, Takeshi Katô, Ichirô Nakatani]","[Akira Kurosawa, Akira Kurosawa, Akira Kurosawa, Tomoyuki Tanaka, Masaru Satô, Kazuo Miyagawa, Akira Kurosawa, Masanobu Deme, Shirô Moritani]","[Drama, Thriller]"
Song of the Sea,2014-09-06,"[Brendan Gleeson, Fionnula Flanagan, Pat Shortt, Jon Kenny, Liam Hourican]","[Tomm Moore, Tomm Moore, Bruno Coulais, Tomm Moore, Darren T. Holmes, Nora Twomey]","[Family, Animation, Fantasy]"
The Prestige,2006-10-19,"[Hugh Jackman, Christian Bale, Michael Caine, Scarlett Johansson, Andy Serkis, Samantha Mahurin, David Bowie, Piper Perabo, Rebecca Hall, Daniel Davis, Roger Rees, Ricky Jay, Jim Piddock, Christopher Neame, Mark Ryan, Jamie Harris, Ron Perkins, Chao Li Chi]","[Christopher Nolan, Jonathan Nolan, Christopher Nolan, Aaron Ryder, Emma Thomas, David Julyan, Wally Pfister, Lee Smith, Christopher Priest, Nathan Crowley, Stephen Vaughan, Steve Gehrke, Alex Gibson]","[Drama, Mystery, Thriller]"
Dr. Strangelove or: How I Learned to Stop Worrying and Love the Bomb,1964-01-29,"[Peter Sellers, George C. Scott, Sterling Hayden, Keenan Wynn, Slim Pickens, Peter Bull, James Earl Jones, Tracy Reed, Jack Creley, Glenn Beck, Shane Rimmer, Gordon Tanner]","[Stanley Kubrick, Stanley Kubrick, Terry Southern, Peter George, Stanley Kubrick, Gilbert Taylor, Anthony Harvey, Ken Adam, Peter George, Peter Murton, Stuart Freeborn, Barbara Ritchie, John Aldred, John Cox]","[Drama, Comedy, War]"
M,1931-05-11,"[Peter Lorre, Ellen Widmann, Inge Landgut, Otto Wernicke, Theodor Loos, Gustaf Gründgens, Fritz Odemar, Theo Lingen, Georg John, Ernst Stahl-Nachbaur, Karl Platen, Rosa Valetti, Hertha von Walther, Carl Ballhaus]","[Fritz Lang, Fritz Lang, Thea von Harbou, Fritz Arno Wagner, Paul Falkenberg, Emil Hasler, Karl Vollbrecht, Seymour Nebenzal, Edgar G. Ulmer, Paul Falkenberg]","[Drama, Action, Thriller, Crime]"
The Tale of the Princess Kaguya,2013-11-23,"[Aki Asakura, Kengo Kora, Nobuko Miyamoto, Atsuko Takahata, Tomoko Tabata, Hidetoshi Nishijima, Tatsuya Nakadai, Takeo Chii, Yukiji Asaoka, Isao Hashizume, Ryûdô Uzaki, Yuji Miyaji]","[Isao Takahata, Isao Takahata, Riko Sakaguchi, Isao Takahata, Toshio Suzuki, Frank Marshall, Joe Hisaishi, Toshihiko Kojima, Pierre Brouard]","[Animation, Drama, Fantasy]"
On the Waterfront,1954-06-22,"[Marlon Brando, Karl Malden, Lee J. Cobb, Rod Steiger, Pat Henning, Eva Marie Saint, Leif Erickson, James Westerfield, Tony Galento, Tami Mauriello, Rudy Bond, Don Blackman, Arthur Keegan, Martin Balsam, Michael V. Gazzo, Fred Gwynne, Pat Hingle]","[Elia Kazan, Budd Schulberg, Sam Spiegel, Leonard Bernstein, Boris Kaufman, Gene Milford, Richard Day, Jim Shields, George Justin, Budd Schulberg, Malcolm Johnson, Mary Roche, Anna Hill Johnstone, Flo Transfield]","[Crime, Drama]"
The Red Shoes,1948-07-20,"[Moira Shearer, Adolf Wohlbrück, Marius Goring, Robert Helpmann, Albert Bassermann, Esmond Knight, Ludmilla Tchérina, Bill Shine, Austin Trevor, Eric Berry, Irene Browne, Jerry Verno]","[Michael Powell, Michael Powell, Michael Powell, Emeric Pressburger, Emeric Pressburger, Emeric Pressburger, Jack Cardiff, Hans Christian Andersen, Emeric Pressburger, Reginald Mills, Brian Easdale, Hein Heckroth, Arthur Lawson, Hein Heckroth, George Blackler, George Minassian]","[Drama, Romance]"
The Boy Who Harnessed the Wind,2019-03-01,"[Maxwell Simba, Chiwetel Ejiofor, Aïssa Maïga, Joseph Marcell, Noma Dumezweni]","[Chiwetel Ejiofor, Andrea Calderwood, Gail Egan, Joe Oppenheimer, Antonio Pinto, Dick Pope, Jonathan King, Compton Ross, Phil Hunt]",[Drama]
My Neighbor Totoro,1988-04-16,"[Hitoshi Takagi, Shigesato Itoi]","[Hayao Miyazaki, Tooru Hara, Yasuyoshi Tokuma, Joe Hisaishi, Takeshi Seyama, Hayao Miyazaki, Masaaki Endou]","[Fantasy, Animation, Family]"
Singin' in the Rain,1952-04-10,"[Gene Kelly, Donald O'Connor, Debbie Reynolds, Jean Hagen, Millard Mitchell, Cyd Charisse, Rita Moreno, Mae Clarke, Bess Flowers, Robert Foulk, Kathleen Freeman, Joi Lansing, 'Snub' Pollard, William Schallert, Elaine Stewart, John George, King Donovan]","[Stanley Donen, Gene Kelly, Adolph Green, Arthur Freed, Harold Rosson, Adrienne Fazan, Randall Duell, Cedric Gibbons, Walter Plunkett, Warren Newcombe, Irving G. Ries, Adolph Green, Lennie Hayton, Edwin B. Willis, Arthur Freed, Stanley Donen, Gene Kelly]","[Comedy, Music, Romance]"
Ugetsu,1953-03-26,"[Masayuki Mori, Machiko Kyō, Kinuyo Tanaka, Eitarô Ozawa, Mitsuko Mito, Kikue Môri, Ryôsuke Kagawa, Eigoro Onoe, Saburo Date]","[Kenji Mizoguchi, Matsutarô Kawaguchi, Masaichi Nagata, Fumio Hayasaka, Kazuo Miyagawa, Akira Suzuki]","[Fantasy, Drama, Mystery]"
Room,2015-10-16,"[Brie Larson, Jacob Tremblay, Joan Allen, William H. Macy, Sean Bridgers, Tom McCamus, Amanda Brugel, Joe Pingue, Cas Anvar, Wendy Crewson, Kate Drummond, Randal Edwards, Jack Fulton, Justin Mader, Zarrin Darnell-Martin, Jee-Yun Lee, Ola Sturik, Rodrigo Fernandez- Stoll, Rory O'Shea, Matt Gordon]","[Lenny Abrahamson, Ed Guiney, Michelle Lannon, Danny Cohen, Fiona Weir, Robin D. Cook, Lea Carlson, Stephen Rennicks, Andrew Lowe, Tessa Ross]","[Drama, Thriller]"
The Circus,1928-01-06,"[Charlie Chaplin, Al Ernest Garcia, Merna Kennedy, Harry Crocker, George Davis, Henry Bergman, Tiny Sandford, John Rand, Steve Murphy]","[Charlie Chaplin, Charlie Chaplin, Roland Totheroh, Charlie Chaplin]","[Comedy, Romance]"
Wild Strawberries,1957-12-26,"[Victor Sjöström, Bibi Andersson, Ingrid Thulin, Gunnar Björnstrand, Max von Sydow, Åke Fridell, Gunnel Broström, Gunnel Lindblom, Folke Sundquist, Björn Bjelfvenstam, Naima Wifstrand, Gertrud Fridh, Sif Ruud, Gio Petré, Maud Hansson]","[Ingmar Bergman, Ingmar Bergman, Allan Ekelund, Gunnar Fischer, Oscar Rosander, Gösta Ekman, Katinka Faragó]",[Drama]
Bad Seeds,2018-11-21,"[Kheiron, Catherine Deneuve, André Dussollier, Hakou Benosmane, Leila Boumedjane, Alban Lenoir, Louison Blivet, Youssouf Wague, Ouassima Zrouki, Joseph Jovanovic, Sofiane Zermani, Marion Christmann, Françoise Remont, Marc David, Alexandre Aubry, Maxime Nourrichard, Killian Taillasson]","[Kheiron, Kheiron, Emmanuel Lanzi, Marc David]",[Comedy]
The Help,2011-08-09,"[Emma Stone, Viola Davis, Octavia Spencer, Bryce Dallas Howard, Jessica Chastain, Mike Vogel, Allison Janney, Sissy Spacek, Chris Lowell, Anna Camp, Cicely Tyson, Aunjanue Ellis, David Oyelowo, Dana Ivey, LaChanze, Brian Kerwin, Wes Chatham, Ted Welch, Shane McRae]","[Tate Taylor, Tate Taylor, Stephen Goldblatt, Michael Barnathan, Chris Columbus, Rena DeAngelo, Mark Ricker, Sharen Davis, Thomas Newman, Kerry Barden, Hughes Winborne, Cate Hardman, Jennifer Blum]",[Drama]
Dangal,2016-12-21,"[Aamir Khan, Sanya Malhotra, Girish Kulkarni, Zaira Wasim, Fatima Sana Shaikh]","[Nitesh Tiwari, Sethu Sriram, Nitesh Tiwari, Aamir Khan]","[Drama, Action]"
The General,1926-12-31,"[Buster Keaton, Marion Mack, Glen Cavender, Jim Farley, Frederick Vroom, Frank Barnes, Joe Keaton, Mike Donlin, Al St. John, Budd Fine, Eddie Foster, Frank Hagney, Edward Hearn]","[Clyde Bruckman, Buster Keaton, Clyde Bruckman, Buster Keaton, Buster Keaton, Joseph M. Schenck, Devereaux Jennings, Buster Keaton, Edward Hearn, Glen Cavender, Frank Barnes, Buster Keaton, Frank Barnes]","[Action, Adventure, Comedy]"
Casablanca,1942-11-26,"[Humphrey Bogart, Ingrid Bergman, Paul Henreid, Claude Rains, Conrad Veidt, Sydney Greenstreet, Peter Lorre, S.Z. Sakall, Madeleine Lebeau, Dooley Wilson, Joy Page, John Qualen, Leonid Kinskey, Curt Bois, Leon Belasco]","[Michael Curtiz, Hal B. Wallis, Jack L. Warner, Max Steiner, Arthur Edeson, Owen Marks, Carl Jules Weyl, George James Hopkins, Orry-Kelly, Perc Westmore, Francis J. Scheid, Julius J. Epstein, Philip G. Epstein, Howard Koch, Joan Alison, Willard Van Enger, Leo F. Forbstein, Hugo Friedhofer]","[Drama, Romance]"
The Departed,2006-10-05,"[Leonardo DiCaprio, Matt Damon, Jack Nicholson, Mark Wahlberg, Martin Sheen, Ray Winstone, Vera Farmiga, Anthony Anderson, Alec Baldwin, Kevin Corrigan, James Badge Dale, David O'Hara, Robert Wahlberg, Kristen Dalton, Richard Hughes, Chance Kelly, Mark Rolston, J.C. MacKenzie]","[Martin Scorsese, Howard Shore, Michael Ballhaus, Thelma Schoonmaker, Ellen Lewis, William Monahan, Brad Grey, Brad Pitt, Graham King, Sandy Powell, Kristi Zea, Leslie E. Rollins, Michael Germain]","[Drama, Thriller, Crime]"
Inglourious Basterds,2009-08-18,"[Brad Pitt, Mélanie Laurent, Christoph Waltz, Eli Roth, Michael Fassbender, Diane Kruger, Daniel Brühl, Til Schweiger, Gedeon Burkhard, Jacky Ido, B. J. Novak, August Diehl, Denis Ménochet, Sylvester Groth, Martin Wuttke, Mike Myers, Julie Dreyfus, Léa Seydoux, Richard Sammel]","[Quentin Tarantino, Lawrence Bender, Sally Menke, Quentin Tarantino, Robert Richardson, David Wasco, Lloyd Phillips, Erica Steinberg, Bob Weinstein, Harvey Weinstein, Simone Bär, Jenny Jue, Johanna Ray, Anna B. Sheppard, Giorgio Armani, Henning Molfenter, Gregory Nicotero]","[Drama, Action, Thriller, War]"
The 400 Blows,1959-05-04,"[Jean-Pierre Léaud, Claire Maurier, Albert Rémy, Georges Flamant, Pierre Repp, Richard Kanayan, Jean-Claude Brialy, Jeanne Moreau]","[François Truffaut, Jean Constantin, François Truffaut, Henri Decaë, Marie-Josèphe Yoyotte, François Truffaut]",[Drama]
What Ever Happened to Baby Jane?,1962-10-31,"[Bette Davis, Joan Crawford, Victor Buono, Wesley Addy, Anne Barton, Marjorie Bennett, Bert Freed, Anna Lee, Maidie Norman, Dave Willock, William Aldrich, Maxine Cooper, Robert Cornthwaite, Michael Fox, Gina Gillespie]","[Robert Aldrich, Henry Farrell, Robert Aldrich, Kenneth Hyman, Frank De Vol, Ernest Haller, Michael Luciano, Ruby Raksin, William Glasgow, George Sawley, Robert J. Schiffer, Monty Westmore, Tom Connors Jr.]","[Drama, Horror, Thriller]"
Scarface,1983-12-08,"[Al Pacino, Steven Bauer, Michelle Pfeiffer, Mary Elizabeth Mastrantonio, Robert Loggia, Miriam Colón, F. Murray Abraham, Paul Shenar, Harris Yulin, Ángel Salazar, Arnaldo Santana, Pepe Serna, Michael P. Moran, Al Israel, Dennis Holahan, Mark Margolis, John Carter, Michael Alldredge, Richard Belzer]","[Brian De Palma, Martin Bregman, John A. Alonzo, Giorgio Moroder, Ferdinando Scarfiotti, David Ray, Oliver Stone, Gerald B. Greenberg, Bruce Weintraub, Patricia Norris, Thomas Rosales, Jr., Dick Ziker, Glenn R. Wilder]","[Action, Crime, Drama, Thriller]"
Gladiator,2000-05-01,"[Russell Crowe, Joaquin Phoenix, Connie Nielsen, Oliver Reed, Richard Harris, Derek Jacobi, Djimon Hounsou, David Schofield, John Shrapnel, Tomas Arana, Ralf Moeller, Tommy Flanagan, Spencer Treat Clark, David Hemmings, Sven-Ole Thorsen, Giannina Facio, Alun Raglan, Giorgio Cantarini, David Bailie, Omid Djalili]","[Ridley Scott, David Franzoni, Branko Lustig, Douglas Wick, David Franzoni, John Logan, William Nicholson, Crispian Sallis, Janty Yates, Arthur Max, Hans Zimmer, Lisa Gerrard, Louis DiGiaimo, Pietro Scalia, Scott Martin Gershin, Graham Johnston]","[Action, Drama, Adventure]"
Nobody Knows,2004-08-07,"[Yuya Yagira, Hanae Kan, You, Ryo Kase, Sei Hiraizumi, Yuichi Kimura, Ken'ichi Endô, Susumu Terajima]","[Hirokazu Kore-eda, Yutaka Yamazaki, Hirokazu Kore-eda, Hirokazu Kore-eda, Hirokazu Kore-eda, Toshihiro Isomi]",[Drama]
Michael Jackson's Thriller,1983-11-14,"[Michael Jackson, Ola Ray, Vincent Price, Mick Garris, Forrest J. Ackerman, Rick Baker, Michael DeLorenzo]","[John Landis, Elmer Bernstein, Deborah Nadoolman]","[Horror, Music]"
La Dolce Vita,1960-02-05,"[Marcello Mastroianni, Anita Ekberg, Anouk Aimée, Yvonne Furneaux, Magali Noël, Alain Cuny, Annibale Ninchi, Walter Santesso, Valeria Ciangottini, Ida Galli, Lex Barker, Nadia Gray, Adriano Celentano, Jacques Sernas, Polidor, Laura Betti, Nico, Enzo Cerusico]","[Federico Fellini, Federico Fellini, Nino Rota, Ennio Flaiano, Pier Paolo Pasolini, Tullio Pinelli, Brunello Rondi, Otello Martelli]","[Comedy, Drama]"
"Rome, Open City",1945-09-27,"[Aldo Fabrizi, Anna Magnani, Marcello Pagliero, Maria Michi, Giovanna Galletti]","[Roberto Rossellini, Roberto Rossellini, Renzo Rossellini, Eraldo Da Roma, Roberto Rossellini, Sergio Amidei, Sergio Amidei, Federico Fellini, Roberto Rossellini, Sergio Amidei]","[Drama, History]"
The Way He Looks,2014-03-28,"[Ghilherme Lobo, Fábio Audi, Eucir de Souza, Selma Egrei, Matheus Abreu, Naruna Costa, Júlio Machado]","[Daniel Ribeiro, Diana Almeida, Daniel Ribeiro, Pierre de Kerchove, Cristian Chinen, Flavia Lhacer, Cristina Alves, Daniel Ribeiro]","[Drama, Romance]"
Mirror,1975-03-07,"[Margarita Terekhova, Oleg Yankovskiy, Alla Demidova, Nikolay Grinko, Yuriy Nazarov, Ignat Daniltsev, Anatoliy Solonitsyn, Tatyana Reshetnikova, Filipp Yankovsky]","[Andrei Tarkovsky, Georgi Rerberg, Andrei Tarkovsky, Eduard Artemiev]","[Drama, History]"
Full Metal Jacket,1987-06-26,"[Matthew Modine, Adam Baldwin, Vincent D'Onofrio, R. Lee Ermey, Dorian Harewood, Arliss Howard, Ed O'Ross, John Terry, Bruce Boa, Jon Stafford, Tim Colceri, Peter Edmund, Kirk Taylor]","[Stanley Kubrick, Michael Herr, Stanley Kubrick, Stanley Kubrick, Jan Harlan, Vivian Kubrick, Douglas Milsome, Martin Hunter, Leon Vitali, Anton Furst, Keith Pain, Keith Denny, Edward Tise]","[Drama, War]"
"Paris, Texas",1984-05-19,"[Harry Dean Stanton, Nastassja Kinski, Dean Stockwell, Hunter Carson, Aurore Clément, Bernhard Wicki, John Lurie, Viva, Tom Farrell]","[Wim Wenders, Don Guest, Chris Sievernich, Ry Cooder, Robby Müller, Peter Przygodda, Gary Chason, Dominique Auvray, Jean-Paul Mugel, Douglas Axtell, Anatole Dauman, Sam Shepard, Karen Koch, Claire Denis]",[Drama]
The Exterminating Angel,1962-05-16,"[Silvia Pinal, Antonio Bravo, Augusto Benedico, Bertha Moss, César del Campo, Enrique Rambal, Jacqueline Andere, José Baviera, Lucy Gallardo, Luis Beristáin, Ofelia Guilmáin, Ofelia Montesco, Patricia Morán, Rosa Elena Durgel, Tito Junco, Xavier Loyá]","[Luis Buñuel, Luis Buñuel, Luis Buñuel, Luis Alcoriza, Gustavo Alatriste, Raúl Lavista, Gabriel Figueroa, Carlos Savage, Fidel Pizarro, Arturo Ripstein, James L. Fields]","[Comedy, Drama, Fantasy]"
Ran,1985-06-01,"[Tatsuya Nakadai, Akira Terao, Jinpachi Nezu, Daisuke Ryû, Mieko Harada, Hisashi Igawa, Pîtâ, Takeshi Katô, Hitoshi Ueki]","[Akira Kurosawa, Akira Kurosawa, Hideo Oguni, Masato Hara, Serge Silberman, Toru Takemitsu, Asakazu Nakai, Takao Saitô, Akira Kurosawa]","[Action, Drama, History]"
Saving Private Ryan,1998-07-24,"[Tom Hanks, Tom Sizemore, Edward Burns, Barry Pepper, Adam Goldberg, Vin Diesel, Giovanni Ribisi, Jeremy Davies, Matt Damon, Ted Danson, Paul Giamatti, Dennis Farina, Joerg Stadler, Max Martini, Dylan Bruno, Daniel Cerqueira, Demetri Goritsas, Julian Spencer]","[Steven Spielberg, Steven Spielberg, Ian Bryce, Mark Gordon, Gary Levinsohn, Robert Rodat, John Williams, Janusz Kamiński, Michael Kahn, Thomas E. Sanders, Joanna Johnston, Denise Chamian, Bonnie Curtis, Ricky Eyres, Kevin De La Noy, Mark Huffam, Tom Brown, Daniel T. Dorrance]","[Drama, History, War]"
Shutter Island,2010-02-14,"[Leonardo DiCaprio, Mark Ruffalo, Ben Kingsley, Emily Mortimer, Michelle Williams, Max von Sydow, Jackie Earle Haley, Patricia Clarkson, Ted Levine, John Carroll Lynch, Elias Koteas, Robin Bartlett, Spencer Treat Clark, Joseph Sikora, Curtiss Cook, John Franchi, Nellie Sciutto, Raymond Anthony Thomas]","[Martin Scorsese, Dennis Lehane, Laeta Kalogridis, Sandy Powell, Mike Medavoy, Arnold Messer, Martin Scorsese, Ellen Lewis, Robert Richardson, Manlio Rocchetti, Dante Ferretti, Robbie Robertson, Thelma Schoonmaker, Andrew Cooper, Philip Stockton, Tom Fleischman]","[Drama, Thriller, Mystery]"
In the Mood for Love,2000-05-22,"[Tony Leung Chiu-Wai, Maggie Cheung, Siu Ping-Lam, Mama Hung, Joe Cheung, Paulyn Sun]","[Wong Kar-wai, Umebayashi Shigeru, Christopher Doyle, Wong Kar-wai, Wong Kar-wai, Ekin Cheng, William Chang, Mark Lee Ping-Bing, Kwan Pung-Leung, Wong Ming-Lam, William Chang, William Chang, Tang Shiang-Chu]","[Drama, Romance]"
Harry Potter and the Deathly Hallows: Part 2,2011-07-07,"[Daniel Radcliffe, Rupert Grint, Emma Watson, Alan Rickman, Ralph Fiennes, Maggie Smith, Helena Bonham Carter, Bonnie Wright, Evanna Lynch, Matthew Lewis, Tom Felton, Devon Murray, David Thewlis, Oliver Phelps, James Phelps, Jason Isaacs, Robbie Coltrane, Warwick Davis, Ciarán Hinds, Helen McCrory]","[David Yates, Alexandre Desplat, Steve Kloves, J.K. Rowling, David Barron, Mark Day, Fiona Weir, Stuart Craig, Eduardo Serra, Greg Burridge, Tim Burke, Stephenie McMillan]","[Family, Fantasy, Adventure]"
Citizen Kane,1941-04-30,"[Orson Welles, Joseph Cotten, Dorothy Comingore, Ray Collins, George Coulouris, Agnes Moorehead, Paul Stewart, Ruth Warrick, Erskine Sanford, Everett Sloane, Fortunio Bonanova, Gus Schilling, Philip Van Zandt, Georgia Backus, Harry Shannon, Gregg Toland, Don Ackerman]","[Orson Welles, Orson Welles, Richard Baer, George Schaefer, Bernard Herrmann, Gregg Toland, Robert Wise, Van Nest Polglase, Edward Stevenson, Vernon L. Walker, Orson Welles, Herman J. Mankiewicz, John Houseman, Mel Berns, Rufus Le Maire, Darrell Silvera]","[Mystery, Drama]"
The Matrix,1999-03-30,"[Keanu Reeves, Laurence Fishburne, Carrie-Anne Moss, Hugo Weaving, Joe Pantoliano, Gloria Foster, Marcus Chong, Paul Goddard, Robert Taylor, Julian Arahanga, Belinda McClory, Anthony Ray Parker, Matt Doran, Ada Nicodemou, Marc Aden Gray, Rowan Witt, Tamara Brown]","[Joel Silver, Don Davis, Bill Pope, Zach Staenberg, Mali Finn, Owen Paterson, Hugh Bateup, Michelle McGahey, Lisa Brennan, Kym Barrett, Lana Wachowski, Lilly Wachowski, Lana Wachowski, Dane A. Davis, Zigmund Gron, Lilly Wachowski, Barrie M. Osborne, Andrew Mason]","[Action, Science Fiction]"
There Will Be Blood,2007-12-28,"[Daniel Day-Lewis, Paul Dano, Dillon Freasier, Ciarán Hinds, Kevin J. O'Connor, Colleen Foy, Barry Del Sherman, David Willis, Hans Howes, Sydney McCallister, Kevin Breznahan, Jim Meskimen, Erica Sullivan, Randall Carver, David Warshofsky, Russell Harvard]","[Paul Thomas Anderson, Upton Sinclair, Robert Elswit, Dylan Tichenor, Jack Fisk, Paul Thomas Anderson, Daniel Lupi, Paul Thomas Anderson, Cassandra Kulukundis, Jonny Greenwood, Scott Rudin, Eric Schlosser, Erica Frauman, Kenny Becker, Linda Cohen]",[Drama]
The Third Man,1949-08-31,"[Joseph Cotten, Alida Valli, Orson Welles, Trevor Howard, Bernard Lee, Paul Hörbiger, Ernst Deutsch, Siegfried Breuer, Erich Ponto, Wilfrid Hyde-White, Hedwig Bleibtreu, Alexis Chesnakov, Thomas Gallagher, Hannah Norbert, Eric Pohlmann, Carol Reed, Annie Rosar, Frederick Schrecker]","[Carol Reed, Graham Greene, Carol Reed, Anton Karas, Robert Krasker, John Wilcox, David O. Selznick, Alexander Korda, Hugh Perceval, John Cox, Bert Ross, Ivy Baker, Vincent Korda]","[Thriller, Mystery]"
The Treasure of the Sierra Madre,1948-01-24,"[Humphrey Bogart, Walter Huston, Tim Holt, Bruce Bennett, Barton MacLane, Alfonso Bedoya, Manuel Dondé, Robert Blake, John Huston, Jack Holt, Ann Sheridan, Jay Silverheels, Roberto Cañedo, Spencer Chan, Jacqueline Dalya, Ralph Dunn]","[John Huston, John Huston, Henry Blanke, Jack L. Warner, Ted D. McCord, Owen Marks, Leo F. Forbstein, Perc Westmore, Fred M. MacLean, William C. McGann, Murray Cutter, Hans F. Koenekamp, Max Steiner, John Hughes, Frank McCoy, Monty Westmore]","[Adventure, Drama, Western]"
Good Will Hunting,1997-12-05,"[Matt Damon, Robin Williams, Ben Affleck, Stellan Skarsgård, Minnie Driver, Casey Affleck, Cole Hauser, Alison Folland, Vik Sahay, Steven Kozlowski]","[Gus Van Sant, Lawrence Bender, Jonathan Gordon, Su Armstrong, Bob Weinstein, Harvey Weinstein, Jean-Yves Escoffier, Pietro Scalia, Kerry Barden, Billy Hopkins, Suzanne Smith, Missy Stewart, Jaro Dick, Beatrix Aruna Pasztor, Danny Elfman, Chris Moore, Kenneth Karman]",[Drama]
Bohemian Rhapsody,2018-10-24,"[Rami Malek, Gwilym Lee, Ben Hardy, Joseph Mazzello, Lucy Boynton, Aidan Gillen, Allen Leech, Tom Hollander, Mike Myers, Aaron McCusker, Ace Bhatti, Max Bennett, Jack Roth, Michelle Duncan]","[Anthony McCarten, Newton Thomas Sigel, Robert De Niro, Graham King, Bryan Singer, Brian May, Denis O'Sullivan, Jane Rosenthal, Arnon Milchan, John Ottman, Richard Hewitt, Roger Taylor, Brian May]","[Drama, Music]"
Paperman,2012-11-02,[],"[Clio Chiang, John Lasseter, Christophe Beck, Lisa Linder, Anthony DeRosa]","[Animation, Family, Romance]"
The Sting,1973-12-25,"[Paul Newman, Robert Redford, Robert Shaw, Charles Durning, Ray Walston, Eileen Brennan, Harold Gould, Dana Elcar, Jack Kehoe, Dimitra Arliss, Robert Earl Jones, Charles Dierkop, Lee Paul, Sally Kirkland, Arch Johnson, Ed Bakey]","[George Roy Hill, Tony Bill, Julia Phillips, Michael Phillips, Robert Surtees, William Reynolds, Edith Head, Charlsie Bryant, David Brown, Richard D. Zanuck, Henry Bumstead]","[Comedy, Crime, Drama]"
Memories of Murder,2003-04-24,"[Song Kang-ho, Kim Sang-kyung, Kim Roe-ha, Park Hae-il, Go Seo-hee, Ryu Tae-ho, Park No-shik, Choi Jong-ryul, Jeon Mi-Sun, Byun Hee-bong, Shin Dong-hwan, Lee Jae-eung, Yoon Ga-hyun, Jung In-sun]","[Kim Moo-ryoung, Bong Joon-ho, Kim Hyung-koo, Bong Joon-ho, Ryu Seong-hee]","[Crime, Drama, Thriller]"
Sanjuro,1962-01-01,"[Toshirō Mifune, Tatsuya Nakadai, Keiju Kobayashi, Yûzô Kayama, Takashi Shimura, Kamatari Fujiwara, Masao Shimizu, Yūnosuke Itō, Takako Irie, Reiko Dan, Yutaka Sada, Akira Kubo, Yoshio Tsuchiya, Akihiko Hirata]","[Akira Kurosawa, Akira Kurosawa, Shûgorô Yamamoto, Masaru Satô, Takao Saitô, Akira Kurosawa, Hideo Oguni, Masanobu Deme, Tomoyuki Tanaka]","[Drama, Action, Comedy]"
In This Corner of the World,2016-11-12,"[Non, Daisuke Ono, Megumi Han, Hisako Kyouda]","[Sunao Katabuchi, Sunao Katabuchi, Sunao Katabuchi]","[Drama, Animation]"
The Lives of Others,2006-03-15,"[Martina Gedeck, Ulrich Mühe, Sebastian Koch, Ulrich Tukur, Thomas Thieme, Hans-Uwe Bauer, Volkmar Kleinert, Charly Hübner, Herbert Knaup, Marie Gruber, Hinnerk Schönemann, Thomas Arnold, Ludwig Blochberger, Volker Michalowski, Werner Daehn, Martin Brambach, Paul Faßnacht]","[Florian Henckel von Donnersmarck, Florian Henckel von Donnersmarck, Hagen Bogdanski, Patricia Rommel, Max Wiedemann, Quirin Berg, Simone Bär, Florian Henckel von Donnersmarck, Silke Buhr, Frank Noack, Gabriele Binder]","[Drama, Thriller]"
Eternal Sunshine of the Spotless Mind,2004-03-19,"[Jim Carrey, Kate Winslet, Kirsten Dunst, Mark Ruffalo, Elijah Wood, Tom Wilkinson, Jane Adams, David Cross, Deirdre O'Connell, Thomas Jay Ryan, Debbon Ayer, Gerry Robert Byrne, Josh Flitter, Paul Litowsky, Amir Ali Said, Lauren Adler]","[Michel Gondry, Jon Brion, Ellen Kuras, Anthony Bregman, Steve Golin, Charlie Kaufman, Charlie Kaufman, Michel Gondry, Dan Leigh, Jeanne McCarthy, Melissa Toth, Ron von Blomberg, Mary Cybulski, David L. Bushell, Glenn Williamson, Georges Bermann, Charlie Kaufman]","[Science Fiction, Drama, Romance]"
Hacksaw Ridge,2016-10-07,"[Andrew Garfield, Sam Worthington, Vince Vaughn, Luke Bracey, Teresa Palmer, Hugo Weaving, Rachel Griffiths, Richard Roxburgh, Firass Dirani, Nathaniel Buzolic, Ori Pfeffer, Matthew Nable]","[Mel Gibson, Robert Schenkkan, Bruce Davey, Brian Oliver, David Permut, Simon Duggan, John Gilbert, Nikki Barrett, Barry Robison, Mark Robins, Lizzy Gardiner]","[Drama, History, War]"
Nostalgia,1983-05-01,"[Oleg Yankovskiy, Erland Josephson, Domiziana Giordano, Laura De Marchi, Delia Boccardo, Milena Vukotic, Livio Galassi, Sergio Fiorentini]","[Andrei Tarkovsky, Andrei Tarkovsky, Daniel Toscan du Plantier, Renzo Rossellini]","[Drama, Romance]"
Autumn Sonata,1978-10-08,"[Ingrid Bergman, Liv Ullmann, Lena Nyman, Halvar Björk, Marianne Aminoff, Gunnar Björnstrand, Erland Josephson]","[Ingmar Bergman, Ingmar Bergman, Katinka Faragó, Martin Starger, Sven Nykvist, Sylvia Ingemarsson, Johann Sebastian Bach, Frédéric Chopin, Georg Friedrich Händel, Robert Schumann, Anna Asp]",[Drama]
Castaway on the Moon,2009-05-14,"[Jung Jae-young, Jung Ryeo-won, Park Young-seo, Koo Kyo-hwan, Yang Mi-kyung, Jang So-yeon]","[Lee Hae-jun, Lee Hae-jun, Kang Woo-suk, Kim Moo-ryoung, Jung Du-hwan, Kim Byung-seo, Lee Seung-chul, Lee Seong-jin]","[Drama, Comedy, Romance]"
The Imitation Game,2014-11-14,"[Benedict Cumberbatch, Keira Knightley, Matthew Goode, Rory Kinnear, Allen Leech, Matthew Beard, Charles Dance, Mark Strong, James Northcote, Tom Goodman-Hill, Steven Waddington, Ilan Goodman, Alex Lawther, Jack Bannon, Tuppence Middleton, Dominik Charman, James G. Nunn, Charlie Manton]","[Morten Tyldum, William Goldenberg, Nina Gold, Maria Djurkovic, Sammy Sheldon, Peter Heslop, Alexandre Desplat]","[History, Drama, Thriller, War]"
The Wages of Fear,1953-04-21,"[Yves Montand, Charles Vanel, Peter van Eyck, Folco Lulli, Antonio Centa, Darío Moreno, William Tubbs]","[Henri-Georges Clouzot, Henri-Georges Clouzot, Jérôme Géronimi, Georges Arnaud, Raymond Borderie, Henri-Georges Clouzot, Georges Auric, Armand Thirard, René Renoux, René Renoux, Roberto Savarese, Robert Juillard]","[Drama, Thriller, Adventure]"
Das Boot,1981-09-16,"[Jürgen Prochnow, Herbert Grönemeyer, Klaus Wennemann, Hubertus Bengsch, Martin Semmelrogge, Bernd Tauber, Erwin Leder, Martin May, Heinz Hoenig, Uwe Ochsenknecht, Claude-Oliver Rudolph, Jan Fedder, Ralf Richter, Otto Sander, Sky du Mont, Joachim Bernhard, Oliver Stritzel, Konrad Becker, Lutz Schnell, Rita Cadillac]","[Wolfgang Petersen, Lothar G. Buchheim, Wolfgang Petersen, Dean Riesner, Günter Rohrbach, Klaus Doldinger, Jost Vacano, Hannes Nikel, Willy Schlenter, Rolf Zehetbauer, Götz Weidner, John W. Hyde, Edward R. Pressman]","[Drama, History, War]"
Alien,1979-05-25,"[Tom Skerritt, Sigourney Weaver, Veronica Cartwright, Harry Dean Stanton, John Hurt, Ian Holm, Bolaji Badejo, Helen Horton, Eddie Powell]","[Ridley Scott, Dan O'Bannon, Gordon Carroll, David Giler, Walter Hill, Ronald Shusett, Jerry Goldsmith, Derek Vanlint, Terry Rawlings, Peter Weatherley, Michael Seymour, Roger Christian, Roger Christian, Leslie Dilley, Ian Whittaker, John Mollo, Robert Hathaway, H.R. Giger]","[Horror, Science Fiction]"
Three Colors: Red,1994-05-27,"[Irène Jacob, Jean-Louis Trintignant, Jean-Pierre Lorit, Samuel Le Bihan, Teco Celio, Zbigniew Zamachowski, Juliette Binoche, Julie Delpy]","[Krzysztof Kieślowski, Marin Karmitz, Krzysztof Kieślowski, Krzysztof Piesiewicz, Zbigniew Preisner, Piotr Sobocinski, Krzysztof Kieślowski, Krzysztof Piesiewicz, Corinne Jorry]","[Drama, Mystery, Romance]"
Chungking Express,1994-07-14,"[Brigitte Lin, Tony Leung Chiu-Wai, Faye Wong, Takeshi Kaneshiro, Rico Chu Tak-On, Lynne Langdon, Vickie Eng]","[Wong Kar-wai, Wong Kar-wai, Christopher Doyle, Andrew Lau, Chi-Leung Kwong, Jeffrey Lau, William Chang, Frankie Chan Fan-Kei]","[Drama, Comedy, Romance]"
The Hidden Fortress,1958-12-28,"[Toshirō Mifune, Minoru Chiaki, Kamatari Fujiwara, Misa Uehara, Susumu Fujita, Takashi Shimura, Eiko Miyoshi, Toshiko Higuchi, Yoshio Tsuchiya, Kokuten Kôdô, Takeshi Katô, Kichijirô Ueda, Nakajirô Tomita, Senkichi Ômura]","[Akira Kurosawa, Akira Kurosawa, Akira Kurosawa, Masaru Satô, Akira Kurosawa, Hideo Oguni, Shinobu Hashimoto, Akira Kurosawa]","[Adventure, Drama, Action, Comedy]"
Incendies,2010-09-04,"[Lubna Azabal, Mélissa Désormeaux-Poulin, Maxim Gaudette, Rémy Girard, Allen Altman, Abdelghafour Elaaziz, John Dunn-Hill, Jackie Sawiris, Karim Babin, Mohamed Majd]","[Bertrand Calmeau, Denis Villeneuve, Denis Villeneuve, Valérie Beaugrand-Champagne, Denis Villeneuve, Kim McCraw, Miléna Poylo, Gilles Sacuto, André Turpin, Constance Demontoy]","[Drama, War, Mystery]"
Tel chi el telùn,2009-03-01,"[Aldo Baglio, Giovanni Storti, Giacomo Poretti, Marina Massironi]",[],[Comedy]
To Kill a Mockingbird,1962-12-25,"[Gregory Peck, Mary Badham, Phillip Alford, John Megna, Brock Peters, James Anderson, Estelle Evans, Collin Wilcox Paxton, Frank Overton, Rosemary Murphy, Ruth White, Robert Duvall, Paul Fix, Alice Ghostley, William Windom, Eddie Baker, Bobby Barber]","[Robert Mulligan, Horton Foote, Alan J. Pakula, Elmer Bernstein, Russell Harlan, Aaron Stell, Henry Bumstead, Larry Germain, Harper Lee, Robert Mulligan, Gregory Peck]","[Crime, Drama]"
La Jetée,1962-02-16,[Ligia Branice],"[Chris Marker, Chris Marker, Anatole Dauman, Chris Marker]","[Romance, Science Fiction]"
Nights of Cabiria,1957-10-03,"[Giulietta Masina, François Périer, Franca Marzi, Amedeo Nazzari, Dorian Gray, Aldo Silvani, Ennio Girolami, Ciccio Barbi, Mimmo Poli, Franco Fabrizi, Sandro Moretti, Polidor]","[Federico Fellini, Federico Fellini, Ennio Flaiano, Tullio Pinelli, Pier Paolo Pasolini, Dino De Laurentiis, Nino Rota, Aldo Tonti, Otello Martelli, Brunello Rondi]",[Drama]
Limelight,1952-10-31,"[Charlie Chaplin, Claire Bloom, Nigel Bruce, Buster Keaton, Sydney Chaplin, Norman Lloyd, Marjorie Bennett, Barry Bernard, 'Snub' Pollard, Geraldine Chaplin, Oona Chaplin, Edna Purviance, Colin Kenny]","[Charlie Chaplin, Charlie Chaplin, Charlie Chaplin, Charlie Chaplin, Charlie Chaplin, Karl Struss, Eugène Lourié, Robert Aldrich]","[Drama, Comedy, Romance]"
Judgment at Nuremberg,1961-12-01,"[Spencer Tracy, Burt Lancaster, Richard Widmark, Marlene Dietrich, Maximilian Schell, Judy Garland, Montgomery Clift, Edward Binns, Werner Klemperer, Torben Meyer, Martin Brandt, William Shatner, Kenneth MacKenna, Alan Baxter, John Wengraf, Karl Swenson, Howard Caine, Bess Flowers, Joseph Bernard, Virginia Christine]","[Stanley Kramer, Stanley Kramer, Ernest Gold, Ernest Laszlo, Frederic Knudtson, Rudolph Sternad, George Milo, Jean Louis, Robert J. Schiffer, Clem Beauchamp, Montgomery Clift, Charles F. Wheeler]","[Drama, History]"
Farewell My Concubine,1993-09-16,"[Leslie Cheung, Gong Li, Zhang Fengyi, Jiang Wenli, Ge You, Lu Qi, Ying Da]","[Lilian Lee, Chen Kaige, Gu Chang-Wei, Hsu Feng]",[Drama]
The Hunt,2012-10-25,"[Mads Mikkelsen, Thomas Bo Larsen, Annika Wedderkopp, Lars Ranthe, Alexandra Rapaport, Bjarne Henriksen]","[Thomas Vinterberg, Thomas Vinterberg, Tobias Lindholm, Thomas Vinterberg, Nikolaj Egelund, Charlotte Bruus Christensen, Janus Billeskov Jansen, Anne Østerud, Hummer Højmark, Manon Rasmussen, Mikkel Maltha, Jesper Tøffner, Andy Cole]",[Drama]
The Elephant Man,1980-10-02,"[Anthony Hopkins, John Hurt, Anne Bancroft, John Gielgud, Wendy Hiller, Freddie Jones, Michael Elphick, John Standing, Phoebe Nicholls, Kenny Baker, Dexter Fletcher, Lesley Dunlop, Pat Gorman, Claire Davenport, Patsy Smart, Kathleen Byron, William Morgan Sheppard, Hannah Gordon]","[David Lynch, David Lynch, John Morris, Freddie Francis, Anne V. Coates, Stuart Craig, Patricia Norris, Jonathan Sanger, Mel Brooks, Stuart Cornfeld, Hugh Scaife, Terence A. Clegg, Anthony Waye]","[Drama, History]"
2001: A Space Odyssey,1968-04-09,"[Keir Dullea, Gary Lockwood, William Sylvester, Douglas Rain, Leonard Rossiter, Margaret Tyzack, Robert Beatty, Sean Sullivan, Frank Miller, Ed Bishop, Edwina Carroll, Ann Gillis, Vivian Kubrick]","[Stanley Kubrick, Stanley Kubrick, Geoffrey Unsworth, Ray Lovejoy, Arthur C. Clarke, Arthur C. Clarke, Stanley Kubrick, James Liggat, Ernest Archer, Anthony Masters, John Hoesli, Dick Frift, Stuart Freeborn]","[Science Fiction, Mystery, Adventure]"
