name,gender
Eric Serra,m
George Lucas,m
Murray Cutter,m
Jennifer Todd,f
Sheldon Kahn,m
Michael Powell,m
Jenny Jue,f
Danny DeVito,m
Akira Kurosawa,m
Walter Plunkett,m
Sunao Katabuchi,m
Stanley Kubrick,m
Michael Kahn,m
Matty Malneck,m
Tomm Moore,m
Antonio Pinto,m
Richard Baer,m
Jack Kirby,m
Darren T. Holmes,m
Eugène Lourié,m
Akira Kurosawa,m
Paul Sylbert,m
Joe Hisaishi,m
Wong Kar-wai,m
Lennie Hayton,m
Graham Johnston,m
John Williams,m
Barry Malkin,m
Hayao Miyazaki,m
John Mollo,m
Dustin O'Halloran,m
Sion Sono,m
Mali Finn,f
Wally Westmore,m
Frank Darabont,m
Gu Chang-Wei,m
David Barron,m
Stan Lee,m
Charlie Kaufman,m
Hideo Oguni,m
Xavier Dolan,m
Vittorio De Sica,m
Fernando Meirelles,m
David Lynch,m
Lee Seung-chul,m
Orson Welles,m
Vivian Kubrick,f
Gary Kurtz,m
Steven Spielberg,m
Stanley Kubrick,m
Matthew Aldrich,m
Joe Hisaishi,m
Frédéric Chopin,m
Wojciech Kilar,m
Arturo Ripstein,m
Ernest Gold,m
Masaru Satô,m
Robert Aldrich,m
Mark Day,m
Charles Rosen,m
Charles B. Wessler,m
Janusz Kamiński,m
Fumio Yanoguchi,m
Takahiro Omori,m
Kathy Nelson,f
Barrie M. Osborne,m
George Lucas,m
John P. Fulton,m
Milena Canonero,f
Eugen Schüfftan,m
Mark Ordesky,m
John King,m
Eduardo Serra,m
Sergio Leone,m
Otello Martelli,m
Lee Hwan-kyung,m
Gregory Nicotero,m
Brunello Rondi,m
Ennio Morricone,m
Billy Wilder,m
Denis Villeneuve,m
Joe Hisaishi,m
Isao Takahata,m
Edward Saxon,m
Christopher Nolan,m
Robert Hathaway,m
Robert Surtees,m
Sylvie Landra,f
Rachel Elkind,f
Toshihiro Isomi,m
Zbigniew Preisner,m
Akira Kurosawa,m
Helmut Ringelmann,m
Georges Auric,m
John Aldred,m
Eva Kroll,f
Fiona Weir,f
Paul Falkenberg,m
Willard Van Enger,m
Chris Sievernich,m
Alexey Rodionov,m
Takao Saitô,m
Roberto Rossellini,m
Peter Weatherley,m
Robert Baberske,m
George Tomasini,m
Alex Gibson,m
Gerald B. Greenberg,m
Harvey Weinstein,m
Wong Ming-Lam,m
Philippa Boyens,f
Martin McDonagh,m
Octavia Spencer,f
Linda Cohen,f
Anna B. Sheppard,f
Justin Baldoni,m
Ian Bryce,m
Wendy Carlos,f
Geoffrey Patterson,m
César Charlone,m
Andrei Konchalovsky,m
Leo F. Forbstein,m
Raymond Borderie,m
Todd Hallowell,m
Hughes Winborne,m
Bernard Herrmann,m
Hayao Miyazaki,m
Hans F. Koenekamp,m
Takao Saitô,m
Allan Starski,m
Andrea Morricone,f
Ingmar Bergman,m
Cis Corman,f
Henry Fonda,m
Barrie M. Osborne,m
Johann Sebastian Bach,m
Scott Rudin,m
Dan Hennah,m
William Hornbeck,m
Brian De Palma,m
Owen Paterson,m
Kim Jae-beom,m
Simone Bär,f
Nitesh Tiwari,m
Wong Kar-wai,m
Edwin B. Willis,m
Don Davis,m
Charlie Chaplin,m
Bráulio Mantovani,m
Ted Tally,m
Philip Stockton,m
Stanley Kubrick,m
Eric Toledano,m
Charlie Chaplin,m
Sergio Leone,m
Sergio Amidei,m
Michael Chapman,m
Mikkel Maltha,m
Tonino Delli Colli,m
Brian Easdale,m
Hideo Oguni,m
Katinka Faragó,f
Melvin Shapiro,m
Fred Roos,m
Hideo Oguni,m
Charlie Chaplin,m
Andrea C. Brotherton,f
James B. Harris,m
Danny Cohen,m
Alfred Hitchcock,m
Robert Thoeren,m
Stan Lee,m
Peter Jackson,m
Kim McCraw,f
Isabelle Pannetier,f
Kunji Tanifuji,m
Masanobu Deme,m
John Cox,m
Kristine Nadal,f
Krzysztof Kieślowski,m
Dean Tavoularis,m
Avi Arad,m
Andrei Tarkovsky,m
Akira Kurosawa,m
Joseph L. Mankiewicz,m
Chris Sanders,m
Philip G. Epstein,m
Ryu Seong-hee,f
Akira Kurosawa,m
Andrzej Sekula,m
David Lynch,m
Joseph Conrad,m
Syd Lim,m
Fred Roos,m
David F. Klassen,m
Jonathan Nolan,m
Hideaki Anno,m
Ronald M. Bozman,m
Frank De Vol,m
Jonathan Gordon,m
Tom Smith,m
Esteban Bravo,m
Rodney Rothman,m
Daniel Mandell,m
Stanley Kubrick,m
Ronnie Yeskel,f
Heta Mantscheff,f
Carl Canga,m
Gray Frederickson,m
Kazuo Miyagawa,m
Toshio Suzuki,m
Tony Thomas,m
Luc Besson,m
Riz Ortolani,m
Hugh Bateup,m
Farah Khan,f
Suzanne Smith,f
Justin Baldoni,m
Ellen Lewis,f
Roy Scammell,m
Alberto Grimaldi,m
Hideo Oguni,m
Alec Coppel,m
Aggie Guerard Rodgers,f
Luis Alcoriza,m
Edith Head,f
Vernon L. Walker,m
Bob Weinstein,m
George Milo,m
Don Burgess,m
Patricia Norris,f
Asakazu Nakai,m
Giuseppe Tornatore,m
John Huston,m
Terry Bamber,m
Patti Podesta,f
Greg Burridge,m
René Renoux,m
Bud Thackery,m
Maher Ahmad,m
Edith Head,f
Hans Stumpf,m
Martin Müller,m
Jack Nitzsche,m
Seymour Nebenzal,m
Charles D. Hall,m
Quentin Tarantino,m
Peter Przygodda,m
Michael Lynne,m
Vittorio De Sica,m
Konstantin Irmen-Tschet,m
Richard Day,m
Charlie Chaplin,m
Barbara De Fina,f
Elem Klimov,m
Yuichiro Saito,m
Hayao Miyazaki,m
Tate Taylor,m
I. A. L. Diamond,m
Louis DiGiaimo,m
Hans Dreier,m
"Łukasz Żal",m
Wong Kar-wai,m
Henri-Georges Clouzot,m
Michael Seirton,m
Stanley Donen,m
Charlie Chaplin,m
François Truffaut,m
Leonid Kalashnikov,m
Jerry Ross,m
David Klotz,m
Ruggero Mastroianni,m
Audrey Wells,f
Beth David,f
Andrei Tarkovsky,m
Luca Guadagnino,m
Hugh Scaife,m
J.R.R. Tolkien,m
Ivy Baker,f
Nina Gold,f
Alain Attal,m
Robert Griffon Jr.,m
Yutaka Yamazaki,m
Kim Moo-ryoung,f
Frank Capra,m
Nino Baragli,m
Dario Argento,m
Pier Paolo Pasolini,m
Paulo Lins,m
Anthony Masters,m
Bryan Singer,m
Anatole Dauman,m
Karl Struss,m
Aaron Ryder,m
Marcia Lucas,f
Daniel Ribeiro,m
Joanna Johnston,f
Daniel Ribeiro,m
Emeric Pressburger,m
Marie-Josèphe Yoyotte,f
Nathan Crowley,m
James Liggat,m
Adolph Deutsch,m
Charlie Chaplin,m
Sarah Waters,f
Brian May,m
Charlie Chaplin,m
Mark Frost,m
Cho Sang-kyung,f
Hans Zimmer,m
William Monahan,m
Chris Moore,m
Irving G. Ries,m
Jonathan King,m
H.R. Giger,m
Walter M. Scott,m
Craig McKay,m
Akira Kurosawa,m
Andy Cole,m
Quirin Berg,m
Kim Sang-beom,m
Pietro Scalia,m
Kensuke Ushio,m
Danielle Berman,f
Terence A. Clegg,m
Gene Kelly,m
Richard Taylor,m
Zach Staenberg,m
Takanobu Saitô,m
Georg Krause,m
Carl Theodor Dreyer,m
Billy Wilder,m
Michael Seymour,m
Peter Jackson,m
Kenyon Hopkins,m
Martin Hunter,m
Sam Shepard,m
Ray Moyer,m
Edward G. Boyle,m
Fujio Morita,m
Steve Gehrke,m
Richard Hoover,m
Adolph Green,m
Silke Buhr,f
Sergio Leone,m
Akira Kurosawa,m
Karl Struss,m
Mel Brooks,m
Michael Seirton,m
Franco Tamponi,m
Hideo Oguni,m
Lee Smith,m
Antonio Pinto,m
Keith Pain,m
Michael De Luca,m
Lynda Obst,f
Yasuyoshi Tokuma,m
Ronald Harwood,m
Paul Falkenberg,m
Maurizio Lucidi,m
Mamoru Hosoda,m
Luc Besson,m
Janus Billeskov Jansen,m
Hummer Højmark,m
Peter Czernin,m
Elizabeth McBride,f
Paul Hellerman,m
Scott Martin Gershin,m
Tonino Delli Colli,m
William Russell,m
Jim Starlin,m
Hans Zimmer,m
Todd M. Thaler,m
Robert Zemeckis,m
Billy Wilder,m
Tullio Pinelli,m
Sergio Leone,m
Harry Kurnitz,m
John Houseman,m
Gerald R. Molen,m
Park Chan-wook,m
Masaichi Nagata,m
Luis Buñuel,m
Elia Kazan,m
Dan Hennah,m
Kirk Douglas,m
Aditya Chopra,m
Asakazu Nakai,m
Michel Gondry,m
Emeric Pressburger,m
René Renoux,m
Alfred Hitchcock,m
Garth Davis,m
Valerie McCaffrey,f
Leo F. Forbstein,m
Van Nest Polglase,m
Nitesh Tiwari,m
Alessio Cremonini,m
Billy Wilder,m
Piotr Sobocinski,m
Peter Jackson,m
Jérôme Géronimi,m
David O. Selznick,m
Betsy Heimann,f
Steve Golin,m
Owen Marks,m
Stanley Donen,m
Nikki Barrett,f
Martin McDonagh,m
Jim Uhls,m
Krzysztof Piesiewicz,m
Billy Wilder,m
Jennifer Blum,f
Alexander Korda,m
Betsy Heimann,f
Denis Villeneuve,m
Lilian Lee,f
Akira Suzuki,m
Jennifer Duffy,f
Walter Murch,m
Vincent Maraval,m
Leslie Dilley,m
Robert J. Schiffer,m
Bong Joon-ho,m
Adrienne Fazan,f
Ryu Seong-hee,f
Edward R. Pressman,m
Kim Byung-seo,m
Mark Frost,m
Peter Heslop,m
David Wasco,m
Charlie Chaplin,m
Freddie Francis,m
Peter Farrelly,m
Stanley Kubrick,m
Michael Ballhaus,m
Matsutarô Kawaguchi,m
Phil Lord,m
Tony Bill,m
Frankie Chan Fan-Kei,m
Mali Finn,f
Peter Jackson,m
Wim Wenders,m
Ennio Flaiano,m
François Truffaut,m
Janis Clark,f
Tomm Moore,m
Chris Marker,m
Paul Hirsch,m
Frank Darabont,m
Pawel Edelman,m
Ernest Laszlo,m
Tim Burke,m
Nicholas Pileggi,m
Erica Steinberg,f
Paul Thomas Anderson,m
Zigmund Gron,m
Ingmar Bergman,m
Henry Bumstead,m
Alan Tomkins,m
Stanley Kubrick,m
Branko Lustig,m
Charlie Chaplin,m
Gerald Fried,m
Howard Shore,m
Tim Galvin,m
Lee Hae-jun,m
Melissa Toth,f
Stuart Craig,m
Phil Lord,m
Carlo Simi,m
Ngila Dickson,f
Gordon Carroll,m
Budd Schulberg,m
Yasujirō Ozu,m
William Glasgow,m
Simon Duggan,m
George Sawley,m
Glen Cavender,m
Tomm Moore,m
Chuck Palahniuk,m
Lee Hwan-kyung,m
Joe Hisaishi,m
Wolfgang Petersen,m
Lynzee Klingman,f
Wally Westmore,m
David Wasco,m
Darryl F. Zanuck,m
Gustavo Alatriste,m
Hans Zimmer,m
Hervé de Luze,m
Stuart Cornfeld,m
Uday Chopra,m
Helen Estabrook,f
Takeshi Seyama,m
John Cox,m
Wolfgang Petersen,m
Raúl Lavista,m
Walter Fasano,m
Mamoru Hosoda,m
Gilles Sacuto,m
Laray Mayfield,f
Carter DeHaven,m
Elgin Lessley,m
Anne V. Coates,f
Graham Greene,m
Akira Kurosawa,m
Furio Scarpelli,m
Orry-Kelly,m
Arthur Edeson,m
Joy Todd,f
Gilbert Taylor,m
George Lucas,m
Masaru Satô,m
Asakazu Nakai,m
Eugenio Alabiso,m
Jim Thompson,m
Miléna Poylo,f
Benjamin Caron,m
Denis Villeneuve,m
Satoshi Kon,m
Liz Glotzer,f
Valérie Beaugrand-Champagne,f
James C. Katz,m
Cindy Evans,f
Steve Ditko,m
Phyllis Carlyle,f
Günther Rittau,m
Alfred Newman,m
Arnold Kopelson,m
Sally Menke,f
Karen Koch,f
Masaki Kobayashi,m
Emeric Pressburger,m
Kang Woo-suk,m
Roger Christian,m
Cedric Gibbons,m
Arthur C. Clarke,m
Dorota Kobiela,f
Vic Ramos,m
John Hughes,m
Louise Mingenbach,f
Pascal Chaumeil,m
Robert Aldrich,m
Xavier Dolan,m
Otello Martelli,m
Melissa Toth,f
Jan Harlan,m
Michael Ballhaus,m
A. Edward Sutherland,m
Terri Taylor,f
Alfio Contini,m
Peter Zinner,m
George R. Nelson,m
Robin D. Cook,f
Diana Almeida,f
Akira Kurosawa,m
Rufus Le Maire,m
Nizou Yamamoto,m
Jonathan Demme,m
Akira Kurosawa,m
Takeshi Seyama,m
Alain Attal,m
Francis Ford Coppola,m
Ed Guiney,m
Jean-Yves Escoffier,m
Charles F. Wheeler,m
John Papsidera,m
Christopher Nolan,m
Arthur Schmidt,m
Lea Carlson,f
Robby Müller,m
Akira Kurosawa,m
Arnon Milchan,m
Clio Chiang,f
Akira Kurosawa,m
Lloyd Phillips,m
Paul Hirsch,m
Stanley Kubrick,m
Ingmar Bergman,m
Eric Sundahl,m
Emile LaVigne,m
Daniel Rezende,m
Oriol Paulo,m
Sylvia Ingemarsson,f
Edith Head,f
Florian Henckel von Donnersmarck,m
Constance Demontoy,f
Arthur Freed,m
Alessio Cremonini,m
Patrice Ledoux,m
Joan Alison,f
Masaaki Endou,m
Oliver Stone,m
Sergio Amidei,m
Ellen Kuras,f
Steven Haft,m
Federico Fellini,m
Ernest Archer,m
Bryan Singer,m
Brunello Rondi,m
Gus Van Sant,m
Peter Lando,m
Cassio Amarante,m
Michael Phillips,m
Bob Weinstein,m
Dick Ziker,m
Evan Hunter,m
Mauricio Andrade Ramos,m
Mario Cotone,m
Wally Westmore,m
Anthony Russo,m
Takao Saitô,m
Akira Kurosawa,m
Henry Bergman,m
Dorota Kobiela,f
Buster Keaton,m
Malcolm Johnson,m
Federico Fellini,m
Buster Keaton,m
Wally Pfister,m
Gordon Davidson,m
James Haygood,m
Mark Livolsi,m
Ingmar Bergman,m
Chen Kaige,m
Ingmar Bergman,m
Luke Davies,m
Judy Taylor,f
François Truffaut,m
Robert Teitel,m
Nenad Pečur,m
Kim Hyung-koo,m
Jack L. Warner,m
Lawrence Bender,m
Michio Mamiya,m
Charlie Chaplin,m
Carlos Savage,m
Roberto Arcangeli,f
Carmine Coppola,m
Monte Hellman,m
Theodore Reed,m
Owen Marks,m
Aldo Tonti,m
Terence Marsh,m
Armand Thirard,m
Yoshifumi Kondou,m
Charlie Chaplin,m
Marcia Lucas,f
Willard Nico,m
Angelo Badalamenti,m
Nizou Yamamoto,m
Nino Baragli,m
Hideaki Anno,m
Hayao Miyazaki,m
John Mollo,m
Richard Marks,m
Christopher Priest,m
William Goldenberg,m
Suzanne Todd,f
Anatole Dauman,m
Warren Newcombe,m
Daniel Lupi,m
Cristian Chinen,m
Gerd Oswald,m
Akira Kurosawa,m
Deborah Lynn Scott,f
Billy Wilder,m
Robert Juillard,m
Lee Smith,m
Olivier Nakache,m
Sarah Finn,f
Katinka Faragó,f
Miloš Forman,m
Mario Monicelli,m
Oscar Rosander,m
Beto Villares,m
Fumio Hayasaka,m
Alfred Hitchcock,m
Eric Schlosser,m
Anna B. Sheppard,f
Roland Totheroh,m
Jeanette Volturno,f
Andrew Lau,m
Maurice Jarre,m
Ellen Lewis,f
Asakazu Nakai,m
Tim Galvin,m
Pierre Boileau,m
Jesper Kyd,m
Edgar G. Ulmer,m
Bill Pope,m
Martin Scorsese,m
Stephen McFeely,m
Michiyo Yasuda,f
John Papsidera,m
Stephen Rennicks,m
George Lucas,m
Tokuzô Tanaka,m
Louis DiGiaimo,m
Richard Mueller,m
Richard Chew,m
Gary Fettis,m
Guel Arraes,m
Thea von Harbou,f
Marc Beauchamps,m
William M. Anderson,m
Andrea Barata Ribeiro,f
Gary Wissner,m
Karyn Wagner,f
Angelo P. Graham,m
Thomas Vinterberg,m
Peter Jackson,m
Glenn R. Wilder,m
Billy Wilder,m
Motoaki Ikegami,m
Brian Hayes Currie,m
Martin Bregman,m
Harvey Keitel,m
Rudolph Sternad,m
Jeff Cronenweth,m
Francis Ford Coppola,m
Dennis Lehane,m
Kazuo Miyagawa,m
Gary Levinsohn,m
Isaac Klausner,m
Carlo Simi,m
Franz Waxman,m
Alan Gibbs,m
John Ottman,m
Hayao Miyazaki,m
Celestia Fox,f
Deborah Nadoolman,f
Andrei Tarkovsky,m
Vic Ramos,m
Francis Ford Coppola,m
Christopher Doyle,m
Yasuo Uragami,m
J.R.R. Tolkien,m
Christopher Doyle,m
Christina Steinberg,f
Francis Ford Coppola,m
Al Ernest Garcia,m
Edward G. Boyle,m
Joseph M. Schenck,m
Arthur Hornblow Jr.,m
Su Armstrong,f
Edward G. Boyle,m
Philip Ivey,m
Mathieu Vadepied,m
Edith Head,f
Mario Cecchi Gori,m
Leslie Bloom,m
Carl Theodor Dreyer,m
Andrew Kevin Walker,m
Vadim Yusov,m
Robbie Robertson,m
Akira Kurosawa,m
Akira Kurosawa,m
Alan Silvestri,m
Edward Hearn,m
Robert Richardson,m
Suso Cecchi d'Amico,f
Jack L. Warner,m
Eduard Artemiev,m
Nino Rota,m
Shinobu Hashimoto,m
Jim Starlin,m
Carlo Rustichelli,m
Charlie Chaplin,m
Bernard Herrmann,m
Jerry Goldsmith,m
Anne Dudley,f
Peter Landsdown Smith,m
Alexandre de Franceschi,m
Ian Whittaker,m
Philippa Boyens,f
Ray Moyer,m
Hans Dreier,m
John Gilbert,m
Roger Christian,m
Vittorio De Sica,m
Irene Mecchi,f
David Franzoni,m
Hal Pereira,m
Julius J. Epstein,m
Louis D'Esposito,m
Thelma Schoonmaker,f
Tullio Pinelli,m
Vincent Korda,m
Corinne Jorry,f
Toru Takemitsu,m
Frank Barnes,m
Shaheen Baig,f
Henry Bumstead,m
Stephen King,m
Janusz Kamiński,m
Frederic Knudtson,m
Anna Hill Johnstone,f
Russell Harlan,m
Toshihiko Kojima,m
Henning Molfenter,m
Kerry Rossall,m
Amy Pascal,f
Stanley Kubrick,m
Georg Friedrich Händel,m
Al Ernest Garcia,m
Joseph Delteil,m
Tomoyuki Tanaka,m
Hannes Nikel,m
Buster Keaton,m
Laeta Kalogridis,f
Charlie Chaplin,m
John Huston,m
William Chang,m
Andrew Lowe,m
Lenny Abrahamson,m
Emma Thomas,f
Philip Smith,m
Lawrence B. Marcus,m
Jack Okey,m
Jean Constantin,m
Hilton A. Green,m
Sandy Reynolds-Wasco,f
Leon Chooluck,m
Hayao Miyazaki,m
George Lucas,m
Stanley Kubrick,m
John Wilcox,m
Ngila Dickson,f
Dean Riesner,m
Robert Ward,m
Mario Monicelli,m
Jon Favreau,m
George Schaefer,m
Stanley Kramer,m
Masaaki Endou,m
Krzysztof Kieślowski,m
Melanie Jones,f
Frances Goodrich,f
Masaru Satô,m
Emeric Pressburger,m
C.O. Erickson,m
Mark Robins,m
Rodrigo Teixeira,m
Caio Gullane,m
Michael Curtiz,m
Jane Rosenthal,f
Nizou Yamamoto,m
Michael McDonnell,m
Alan Silvestri,m
Michael Giacchino,m
Andrea Calderwood,f
Howard Shore,m
Ken Kesey,m
Sharmishta Roy,f
Javed Siddiqui,m
Jonathan Nolan,m
Ennio Morricone,m
Lee Smith,m
Agenore Incrocci,m
Giuseppe Tornatore,m
Xavier Dolan,m
Charlie Chaplin,m
Takeshi Seyama,m
Roberto Rossellini,m
Richard Francis-Bruce,m
Renzo Rossellini,m
Wally Pfister,m
Howard Feuer,m
Stanley Kubrick,m
Sandy Powell,f
Walter Murch,m
Diane Johnson,f
Federico Fellini,m
Riko Sakaguchi,f
John Alcott,m
Milena Canonero,f
Sam Spiegel,m
Tom Connors Jr.,m
Kearie Peak,f
Roman Polanski,m
Hugo Gurgel,m
Stuart Freeborn,m
Ray Lovejoy,m
Erich Kettelhut,m
David Wasco,m
Walter Hill,m
Sally Menke,f
Steven Spielberg,m
Andrew Gaskill,m
David Lynch,m
Barbara McLean,f
"George Tillman, Jr.",m
Ry Cooder,m
Emma Thomas,f
Lee Smith,m
Hirokazu Kore-eda,m
Carlo Simi,m
Thomas Newman,m
J. Russell Spencer,m
Quentin Tarantino,m
Stan Lee,m
Chiwetel Ejiofor,m
Dylan Tichenor,m
Billy Wilder,m
Kim Woo-taek,m
Henri-Georges Clouzot,m
David Luther,m
Manon Rasmussen,f
Thomas Newman,m
Roger Taylor,m
Clyde Bruckman,m
Rodney Rothman,m
Saul Bass,m
Peter Murton,m
Ted D. McCord,m
Jack Fisk,m
Kevin Feige,m
Kim Dong-joo,m
David Ray,m
Aditya Chopra,m
David Fincher,m
Makoto Naito,m
Fred C. Blau Jr.,m
Clyde Bruckman,m
Fabiano Gullane,m
Lawrence Bender,m
Anthony Burgess,m
Leslie Bloom,m
Dianne Crittenden,f
Arnold Messer,m
Carlo Leva,m
Roger Allers,m
Kenneth Kokin,m
Bill Carraro,m
Robert Jones,m
Christopher Nolan,m
Timothy M. Bourne,m
Peter George,m
David Lynch,m
Thomas E. Sanders,m
Gaston Glass,m
Richard N. Gladstein,m
Lawrence G. Paull,m
Carl Theodor Dreyer,m
Giuseppe Tornatore,m
Fritz Lang,m
Michael Powell,m
David Permut,m
Elisa Tolomelli,f
John F. Seitz,m
Douglas Wick,m
Kazuo Miyagawa,m
Sergio Amidei,m
Ennio Morricone,m
Damien Chazelle,m
Akira Kurosawa,m
George Roy Hill,m
Claudia Büschel,f
Tai Katô,m
Tang Shiang-Chu,m
Todd Lieberman,m
Edgar G. Ulmer,m
Kenneth Utt,m
Charles D. Hall,m
Deborah Aquila,f
Sôjirô Motoki,m
Chung Seo-kyung,f
Mary Zophres,f
Newton Thomas Sigel,m
Kevin Feige,m
Masato Hara,m
Gary Rizzo,m
John Lasseter,m
Carl Jules Weyl,m
Vinod Rathod,m
John Hoesli,m
Anthony DeRosa,m
Jean-Paul Mugel,m
Horton Foote,m
David McKenna,m
Charlie Chaplin,m
James M. Cain,m
Esteban Bravo,m
Stanley Kubrick,m
Quentin Tarantino,m
Thierry Arbogast,m
Aleksandr Boym,m
Dimitri Tiomkin,m
Peter Weir,m
Henry Farrell,m
Eraldo Da Roma,m
David Lazan,m
Peter Jackson,m
Stanley Kubrick,m
Kim Min-gi,m
Roger Deakins,m
Adolph Green,m
Francis Ford Coppola,m
Dan Weil,m
Toru Takemitsu,m
Jane Feinberg,f
Andrei Tarkovsky,m
Sarah Finn,f
Farciot Edouart,m
Christopher Markus,m
Christopher Markus,m
Kirsty McGregor,f
Lothar G. Buchheim,m
Vicky Herman,f
Mike Fenton,m
Fritz Lang,m
Juliet Taylor,f
"George Tillman, Jr.",m
Gilbert Taylor,m
Nadine Labaki,f
Upton Sinclair,m
Georges Arnaud,m
John Sloss,m
Nick Vallelonga,m
Herman J. Mankiewicz,m
George Tomasini,m
Tom Fleischman,m
Harry Crocker,m
Brian May,m
Kym Barrett,f
Orson Welles,m
Bob Weinstein,m
Frank Marshall,m
Cesare Zavattini,m
Jim Shields,m
Charlie Chaplin,m
Shirô Moritani,m
Lee Hae-jun,m
Jan Harlan,m
Chris Columbus,m
Anne Østerud,f
Bong Joon-ho,m
Peter Farrelly,m
Lilly Wachowski,f
Agnès Mentre,f
Cesare Zavattini,m
Frank Darabont,m
Dorota Kobiela,f
Robert Rodat,m
Lana Wachowski,f
John Alcott,m
Jason Reitman,m
Peter Bucossi,m
John Landis,m
Charlie Kaufman,m
Ennio Morricone,m
Marty Bowen,m
Sven Nykvist,m
Billy Wilder,m
Mark Ricker,m
Brad Grey,m
Jung Du-hwan,m
Wally Pfister,m
Tom Schulman,m
Flavia Lhacer,f
Edward Tise,m
Stephenie McMillan,f
Michelle Lannon,f
Michihiro Itou,m
Frank Galline,m
Jack Cardiff,m
Chi-Leung Kwong,m
John Morris,m
Mark Robins,m
Lisa Fruchtman,f
Chris Kennedy,m
Reginald Rose,m
Anthony Russo,m
Günter Rohrbach,m
Martin Scorsese,m
Charlsie Bryant,f
Michelle McGahey,f
Frank Noack,m
Lee Dong-jun,m
Ken Adam,m
Thomas Harris,m
Erich Pommer,m
Alfred Hitchcock,m
Harry Jierjian,m
James W. Brown,m
John Ottman,m
Christopher Markus,m
Robert Burks,m
Federico Fellini,m
Kheiron,m
Roger Christian,m
Frank Capra,m
Stanley Kubrick,m
Noriyoshi Oohira,m
David Julyan,m
Daniel Filho,m
Harry Keramidas,m
Janty Yates,f
Dustin O'Halloran,m
William Chang,m
Hugh Welchman,m
Adrian Molina,m
Randall Duell,m
Leon Vitali,m
Carl Lerner,m
Jacek won Dehnel,m
Don Guest,m
Gary Goetzman,m
Kathleen Kennedy,f
Adriana Falcão,f
Christopher Ball,m
Wong Kar-wai,m
Martin Scorsese,m
Barrie M. Osborne,m
Charlie Chaplin,m
Joseph Walker,m
Simone Bär,f
Lindy Hemming,f
Carol Reed,m
Giuseppe Tornatore,m
Steven Moffat,m
Kōgo Noda,m
Ira H. Morgan,m
Bertrand Calmeau,m
Pier Paolo Pasolini,m
Sara Andrews,f
Rick Alexander,m
Walter Ruttmann,m
Monique Prudhomme,f
Danilo Donati,m
Geoffrey Unsworth,m
Rudolph Maté,m
Paul Thomas Anderson,m
Andrei Tarkovsky,m
Vittorio De Sica,m
Janice Tunnell,f
Sharone Meir,m
Stephen Vaughan,m
Mark Gatiss,m
Stanley Kramer,m
Leslie Dilley,m
Billy Wilder,m
Andrew Lesnie,m
Kazuya Tsurumaki,m
Kristi Zea,f
Alessandro Cicognini,m
Julia Phillips,f
Alessandro Cicognini,m
Saul Bass,m
Steven Moffat,m
Dean Cundey,m
Götz Weidner,m
Mike Fenton,m
Ryūnosuke Akutagawa,m
Kerry Barden,m
Lee Seong-jin,m
Dean Eilertson,m
David Tattersall,m
Clint Mansell,m
Steve Kloves,m
Jon Favreau,m
Ben Nye,m
John Howe,m
Andrew Mason,m
Roberto Rossellini,m
Makoto Shinkai,m
Barrie M. Osborne,m
Danny Elfman,m
Michael Simpson,m
Kheiron,m
John Williams,m
Ben Burtt,m
Kevin Reher,m
Gunnar Fischer,m
Saul Zaentz,m
Stephen Goldblatt,m
Leslie Dilley,m
Roberto Benigni,m
Fred Lau,m
Beth David,f
Thea von Harbou,f
Terry Rawlings,m
William Tyrer,m
Giuseppe Rotunno,m
Hal Gausman,m
Christopher Miller,m
Dean Tavoularis,m
Joel Silver,m
James Liggat,m
Ted Haworth,m
Kenneth Karman,m
Charles D. Hall,m
W. Wallace Kelley,m
John Lasseter,m
Tullio Pinelli,m
Jonathan Roberts,m
Ridley Scott,m
Robert Schenkkan,m
Christopher H. Warner,m
Robert Burks,m
Takafumi Watanabe,m
Takeshi Seyama,m
Franz Waxman,m
Francis J. Scheid,m
Carla Hool,f
Tom Rolf,m
Hwang Jo-yun,m
Makoto Shinkai,m
Daniel Rezende,m
Graham King,m
Stephen King,m
Fritz Lang,m
Benito Stefanelli,m
Farciot Edouart,m
George Lucas,m
Lilly Wachowski,f
Roland Totheroh,m
David Yates,m
Carlo Simi,m
Max L. Raab,m
Gabriel Figueroa,m
Bia Salgado,f
Aaron Ryder,m
Ennio Flaiano,m
Allan Starski,m
Klaus Doldinger,m
Aditya Chopra,m
Steven Zaillian,m
Angelo Ragusa,m
William Cameron Menzies,m
Martin Scorsese,m
Harry Crocker,m
Ronald Víctor García,m
Clem Beauchamp,m
Milton Krasner,m
Quentin Tarantino,m
Harper Lee,f
Park Chan-wook,m
Aaron Stell,m
Gunnar Fischer,m
Barrie M. Osborne,m
Sergio Leone,m
Billy Hopkins,m
Yukihiro Shibutani,m
Ron von Blomberg,m
David V. Lester,m
John Mollo,m
Takao Saitô,m
Michael Douglas,m
Charles C. Coleman,m
Leonard Bernstein,m
Thomas Vinterberg,m
J. Russell Spencer,m
Bob Gale,m
Max Steiner,m
Nadine Labaki,f
William A. Farley,m
Hiromichi Horikawa,m
Michael Kaplan,m
Gene Kelly,m
Ralph Nelson,m
James Newton Howard,m
Lawrence Turman,m
Rena DeAngelo,f
Jesper Tøffner,m
Tooru Hara,m
André Turpin,m
Emma Thomas,f
Joseph LaShelle,m
Emil Hasler,m
Alan Fine,m
Stephen King,m
John Lasseter,m
Lee Unkrich,m
Reginald Rose,m
Michael Herr,m
Gregg Toland,m
Shinobu Hashimoto,m
Lisa Brennan,f
Anthony DeRosa,m
Sue Vertue,f
David Giler,m
Ryu Seong-hee,f
Grant Major,m
Kenneth Hyman,m
Mel Berns,m
Stefano Rulli,m
Sammy Sheldon,f
Sean Ryan Jennings,m
David Julyan,m
Fritz Lang,m
Peter Zinner,m
Reginald Rose,m
Charlie Chaplin,m
Mary Roche,f
Kim Na-yeon,f
Mike Medavoy,m
Hideo Oguni,m
Cristina Alves,f
Douglas Milsome,m
John Williams,m
Magali Guidasci,f
Jonathan Nolan,m
Charlie Chaplin,m
Sergey Voronkov,m
Mathieu Vadepied,m
Alex McDowell,m
Robert Schumann,m
Shinobu Hashimoto,m
Patricia Rommel,f
Alan J. Pakula,m
Rita Riggs,f
Cassandra Kulukundis,f
Ellen Lewis,f
Mary Hidalgo,f
Evgeny Tsymbal,m
Anna Van Steen,f
Agenore Incrocci,m
Sergio Leone,m
Buster Keaton,m
Crispian Sallis,m
Thelma Schoonmaker,f
Steve Conrad,m
Brian Hayes Currie,m
Bruno Coulais,m
Nick Vallelonga,m
William Chang,m
Glenn Williamson,m
Stuart Craig,m
Dick Pope,m
Florian Henckel von Donnersmarck,m
Kara Eide,f
Robert Richardson,m
Neil Canton,m
Eraldo Da Roma,m
Gordon Willis,m
Thomas Vinterberg,m
Anthony Bregman,m
Steven Moffat,m
Tate Taylor,m
Chung Chung-hoon,m
Lawrence Kasdan,m
Arthur Lawson,m
Roberto Missiroli,m
Monty Westmore,m
Tak Fujimoto,m
Pietro Scalia,m
Ronald Shusett,m
Charlie Chaplin,m
Mario Puzo,m
Joseph F. Biroc,m
John Lasseter,m
Michihiro Itou,m
Denis O'Sullivan,m
Henri-Georges Clouzot,m
Kim Sang-beom,m
Rob Minkoff,m
Karl Vollbrecht,m
Akira Kurosawa,m
Antonella Pompei,f
David Brown,m
David Franzoni,m
Linda Woolverton,f
Tooru Hara,m
Charles Wood,m
Robert Wise,m
Jeong Won-jo,m
Phil Lord,m
Arthur Max,m
Leonor Fini,f
Stanley Kubrick,m
Hirokazu Kore-eda,m
Michael Germain,m
Jo Swerling,m
Michael Powell,m
David McKenna,m
John Papsidera,m
Christopher Nolan,m
Gary M. Zuckerbrod,m
Martin Scorsese,m
Jane Feinberg,f
Akira Kurosawa,m
Sharen Davis,f
Hayao Miyazaki,m
Daniel Pemberton,m
Fritz Arno Wagner,m
George Blackler,m
Quentin Tarantino,m
Shûgorô Yamamoto,m
Cho Sang-kyung,f
Alexandre Trauner,m
Ruth Morley,f
Hugh Welchman,m
Norman Reynolds,m
Fulgenzio Ceccon,m
Paul Schrader,m
Hirokazu Kore-eda,m
Richard Hewitt,m
Nino Rota,m
Charlie Chaplin,m
Isaak Shvarts,m
Andrew Lesnie,m
Yûharu Atsuta,m
Isao Takahata,m
Serge Silberman,m
Fred Lau,m
John Davis,m
Charles Brackett,m
Robert Zemeckis,m
Jon Brion,m
Christopher Nolan,m
Marguerite Beaugé,f
Clem Portman,m
Wyck Godfrey,m
Robert Aldrich,m
Irene Lamb,f
Mel Gibson,m
Christopher Nolan,m
Michael Shamberg,m
Yasuyoshi Tokuma,m
Shaila Rubin,f
Ingmar Bergman,m
Ross Grayson Bell,m
Furio Scarpelli,m
Frank Capra,m
Sethu Sriram,m
Ryu Seong-hee,f
Tomoyuki Tanaka,m
Sam Comer,m
Haskell Wexler,m
Akira Kurosawa,m
Philip Van Doren Stern,m
Thelma Schoonmaker,f
William Reynolds,m
Stephen McFeely,m
Anthony Harvey,m
Arthur Freed,m
Alexandre Trauner,m
Márcio Hashimoto Soares,m
Philippa Boyens,f
Steven Moffat,m
Howard Shore,m
Daniel T. Dorrance,m
Charles Brackett,m
Charlie Chaplin,m
David Lancaster,m
Manlio Rocchetti,m
Irvin Kershner,m
Lyle R. Wheeler,m
Compton Ross,m
Gabriella Pescucci,f
Yasuyoshi Tokuma,m
Richard King,m
Hans Zimmer,m
Michael Ford,m
Clay A. Griffith,m
John Logan,m
Christopher Nolan,m
Robert De Niro,m
Nino Rota,m
Adrian Belew,m
Lisa Linder,f
Ferdinando Scarfiotti,m
Xavier Dolan,m
Bernard Herrmann,m
Weronika Migon,f
James Ivory,m
Mario Puzo,m
Stuart Freeborn,m
Luis Buñuel,m
Nikolaj Egelund,m
Robert Mulligan,m
Akio Nojima,m
Thomas Narcejac,m
Jane Feinberg,f
Justin Hurwitz,m
Agatha Christie,f
Gary Chason,m
Lawrence Bender,m
John L. Russell,m
Paul Thomas Anderson,m
Dorothy Byrne,f
Juliet Taylor,f
Hagen Bogdanski,m
Elmer Bernstein,m
Judianna Makovsky,f
Clyde Bruckman,m
Herman Buchman,m
Phil Tippett,m
Charles Lang,m
Isao Takahata,m
Christopher Nolan,m
David Lynch,m
Dean Tavoularis,m
Sally Menke,f
Kenji Mizoguchi,m
Howard Feuer,m
Kevin De La Noy,m
Frank Darabont,m
Shinobu Hashimoto,m
Adolph Deutsch,m
Charlie Brooker,m
Lora Hirschberg,f
Fidel Pizarro,m
Francis Ford Coppola,m
Fran Walsh,f
Youta Tsuruoka,m
Emmanuel Lanzi,m
Gösta Ekman,m
Mario Monicelli,m
Andrei Tarkovsky,m
Gerald B. Greenberg,m
Toshio Suzuki,m
Roland Totheroh,m
Krzysztof Kieślowski,m
Alexandre Desplat,m
Fran Walsh,f
John A. Alonzo,m
Ronnie Yeskel,f
Akira Kurosawa,m
Sean Porter,m
Charles C. Coleman,m
Anna B. Sheppard,f
Frank Marshall,m
Bob Weinstein,m
Tim Allen,m
Stephen Chbosky,m
Leslie E. Rollins,m
Jeanne McCarthy,f
Richard Taylor,m
Gary Kurtz,m
Orson Welles,m
Anton Karas,m
Lee Unkrich,m
Hayao Miyazaki,m
Arnon Milchan,m
Chung Chung-hoon,m
Gordon Bau,m
Merissa Lombardo,f
Lizzy Gardiner,f
Max Wiedemann,m
Doug Cooper,m
Fred M. MacLean,m
Masaru Satô,m
Harold Rosson,m
Johanna Ray,f
Herbert Coleman,m
Arthur C. Clarke,m
Sion Sono,m
Joseph A. Mitchell,m
Irwin Winkler,m
Stanley Kubrick,m
Carl Tibbetts,m
Hsu Feng,f
James Ivory,m
Keith Denny,m
William C. McGann,m
David L. Bushell,m
Jason Blum,m
Suso Cecchi d'Amico,f
Boris Kaufman,m
Michael Wilson,m
Gray Frederickson,m
Kalina Ivanov,f
Alfred Newman,m
Andrew Lesnie,m
Carmine Coppola,m
Mark Ordesky,m
Claire Denis,f
Jack Kirby,m
Hayao Miyazaki,m
J.R.R. Tolkien,m
Piero Umiliani,m
Dick Frift,m
Raymond Chandler,m
Michael E. Uslan,m
Christopher McQuarrie,m
Ray Lovejoy,m
Fumio Hayasaka,m
Mihai Malaimare Jr.,m
Brunello Rondi,m
Stephen McFeely,m
Jérôme Seydoux,m
Phil Hunt,m
Billy Wilder,m
Denise Chamian,f
Buster Keaton,m
John Michael Hayes,m
Carl Theodor Dreyer,m
Barry Robison,m
Edward Stevenson,m
Akira Kurosawa,m
Beth David,f
Peter Spears,m
Tobias Lindholm,m
Daniel Mandell,m
Brian Oliver,m
Yash Chopra,m
William Chang,m
Park Chan-wook,m
Akira Kurosawa,m
Andrei Tarkovsky,m
Allan Ekelund,m
Lana Wachowski,f
Roland Totheroh,m
Ennio Morricone,m
Julia Phillips,f
Louis Craig,m
Willard Nico,m
Lee Seung-chul,m
Steven Moffat,m
Boris Kaufman,m
Pierre de Kerchove,m
Budd Schulberg,m
Flo Transfield,f
Mario Puzo,m
Sandro Petraglia,m
Kerry Barden,m
Rolf Zehetbauer,m
Steve Gehrke,m
Sunao Katabuchi,m
Leigh Brackett,f
Charles Collum,m
Stanley Kubrick,m
Mark Ordesky,m
Ricky Eyres,m
Vyacheslav Ovchinnikov,m
Willard Nico,m
Pierre Brouard,m
Luiz Bolognesi,m
William Nicholson,m
Cathy Schulman,f
Arthur Max,m
George Justin,m
Asakazu Nakai,m
Roland Totheroh,m
Irene Lamb,f
Stanley Kubrick,m
Umebayashi Shigeru,m
Kim Moo-ryoung,f
John Howe,m
Tomoyuki Tanaka,m
Yoshifumi Kondou,m
Nathan Crowley,m
Howard Koch,m
Ridley Scott,m
Steven Spielberg,m
Bob Gale,m
Francine Maisler,f
Henry Blanke,m
Fumio Hayasaka,m
Chris Marker,m
Fran Walsh,f
Roberto Rossellini,m
Walter Salles,m
Saar Klein,m
Charlotte Bruus Christensen,f
Damien Chazelle,m
Nicki Gardiner,f
Bo Goldman,m
Fumio Hayasaka,m
Christopher Nolan,m
John Papsidera,m
Bernard Williams,m
Jesse Rosenthal,m
John Meehan,m
Masaichi Nagata,m
Max Steiner,m
George Minassian,m
Eraldo Da Roma,m
Dan O'Bannon,m
Yojiro Noda,m
John Gilbert,m
Edith Head,f
Alfred Hitchcock,m
Hein Heckroth,m
Carlo Simi,m
Michael Phillips,m
Nicola Piovani,m
Martin McDonagh,m
Hein Heckroth,m
Karl Vollbrecht,m
Benjamin Melniker,m
Krzysztof Piesiewicz,m
Kristi Zea,f
Charlie Chaplin,m
Federico Fellini,m
Art Linson,m
Luca Guadagnino,m
Christopher Nolan,m
Ingmar Bergman,m
Douglas Axtell,m
George Tomasini,m
Oriol Paulo,m
Dino De Laurentiis,m
J.K. Rowling,f
Mark Robins,m
Doane Harrison,m
Robert Benmussa,m
Emma Thomas,f
Shiro Sagisu,m
Peter Farrelly,m
Cornell Woolrich,m
Thomas Little,m
John F. Seitz,m
John Morrissey,m
Tonino Delli Colli,m
Richard Bruno,m
Charlie Chaplin,m
Fred T. Gallo,m
Daniel Ribeiro,m
Bob Persichetti,m
Lee Unkrich,m
Akira Kurosawa,m
Yasujirō Ozu,m
Michael Luciano,m
Adrian Molina,m
Terence Marsh,m
John Jordan,m
Roberto Benigni,m
Howard Shore,m
Percy Townsend,m
Derek Vanlint,m
Peter George,m
Anna Asp,f
Emile Kuri,m
Hayao Miyazaki,m
Fritz Lang,m
Philip Ivey,m
Jim Burke,m
John Seale,m
Robert Bloch,m
Ennio Morricone,m
Carol Reed,m
Florian Henckel von Donnersmarck,m
Roman Polanski,m
Frank Maher,m
Hans Christian Andersen,m
Michael Lynne,m
Russell Harlan,m
Ivan Bilancio,m
Hans Zimmer,m
Martin Starger,m
Anthony Waye,m
Scott Plauche,m
Park Chan-wook,m
Bob Weinstein,m
Nathan Crowley,m
Hal B. Wallis,m
Branko Lustig,m
Richard Francis-Bruce,m
Hal Pereira,m
Simona Paggi,f
Tom Cross,m
Karl Freund,m
Miklós Rózsa,m
Isao Takahata,m
Hisanori Ooshiro,m
Jean C. Havez,m
Beatrix Aruna Pasztor,f
Albert Austin,m
Samuel A. Taylor,m
Darrell Silvera,m
Jost Vacano,m
Peter Jackson,m
Wong Kar-wai,m
Kerry Rossall,m
Dan Leigh,m
Marty Bowen,m
Stanley Kubrick,m
Emmett Emerson,m
Christopher Nolan,m
John Barry,m
Paul Hellerman,m
Yasuhiko Takiguchi,m
Shim Hyun-jung,f
Lisa Gerrard,f
Alan Heim,m
Harry Crocker,m
Bernardo Bertolucci,m
Federico Fellini,m
Sophie Mas,f
Vittorio Storaro,m
William Reynolds,m
George James Hopkins,m
Yang Hong-sam,m
Vincenzo Cerami,m
Tricia Wood,f
Mark Huffam,m
Richard Francis-Bruce,m
Akira Kurosawa,m
Joakim Sundström,m
Takahiro Omori,m
Esteban Bravo,m
Toshio Suzuki,m
Donald Ranvaud,m
Graham King,m
Akira Kurosawa,m
Ei Inoue,f
James L. Fields,m
Elisabetta Montaldo,f
Christer Melén,m
Danilo Donati,m
Jeffrey Lau,m
Mike Fenton,m
Wyck Godfrey,m
Larry Dias,m
Jonathan Sanger,m
John Ottman,m
Giorgio Moroder,m
Graham Broadbent,m
Luigi Kuveiller,m
"Thomas Rosales, Jr.",m
Patricia Norris,f
Anton Furst,m
Kristi Zea,f
Buddy G. DeSylva,m
Sadayuki Murai,m
Mark Gatiss,m
Joseph Stefano,m
Dante Ferretti,m
Charlie Chaplin,m
Andrew Stanton,m
Alan Lee,m
Willy Schlenter,m
Ivan Mactaggart,m
Albert Hackett,m
Robert Krasker,m
Hideyuki Tanaka,m
Dick Smith,m
Elmer Bernstein,m
Christopher Nolan,m
James Liggat,m
Mary Cybulski,f
Jasmine McGlade,f
Aamir Khan,m
Akiyuki Nosaka,m
Ernest Haller,m
Anthony McCarten,m
Michael Lynne,m
Arnon Milchan,m
Jaro Dick,m
Sergio Leone,m
Charles Reisner,m
Vittorio De Sica,m
Martin Scorsese,m
Olivier Nakache,m
Richard N. Gladstein,m
Edward B. Powell,m
Fiona Weir,f
Sayombhu Mukdeeprom,m
Dan Kolsrud,m
Billy Wilder,m
Andrzej Sekula,m
Masanobu Deme,m
Isao Takahata,m
Masanobu Deme,m
Makoto Shinkai,m
Steven Spielberg,m
Jean Louis,m
Michael E. Phillips,m
Charles D. Hall,m
Ingmar Bergman,m
Judianna Makovsky,f
Richard D. Zanuck,m
Sam Comer,m
Peter Jackson,m
Andrew Cooper,m
Francis Ford Coppola,m
Hugo Friedhofer,m
Hoyte van Hoytema,m
Bernard Herrmann,m
Ettore Scola,m
Inbal Weinberg,f
Tullio Pinelli,m
Monty Westmore,m
Michael Kahn,m
Giorgio Armani,m
Charlie Chaplin,m
Eric Toledano,m
Alfred Newman,m
Larry Germain,m
Kerry Barden,m
Brad Pitt,m
Jonny Greenwood,m
Dean Wolcott,m
Bonnie Curtis,f
Alfred Hitchcock,m
Buster Keaton,m
Buster Keaton,m
Emma Thomas,f
Christophe Beck,m
Jon Gregory,m
Darius Khondji,m
Seiji Okuda,m
Satoko Okudera,f
Erica Frauman,f
Ruby Raksin,f
Cate Hardman,f
Quentin Tarantino,m
Brian Witten,m
Sam Comer,m
Joe Hisaishi,m
Wendy Stites,f
Buster Keaton,m
Henri Decaë,m
Sharon Boyle,f
Mark Robins,m
Bryan Singer,m
Gene Milford,m
Yojiro Noda,m
Sôjirô Motoki,m
Joseph M. Schenck,m
Henry Bergman,m
Bert Ross,m
Robert Mulligan,m
Mark Gordon,m
Howard Shore,m
Frank G. DeMarco,m
André Aciman,m
Roy Walker,m
Chris Marker,m
Monty Westmore,m
Lawrence Bender,m
Sergio Leone,m
Sunao Katabuchi,m
David S. Goyer,m
Joe Oppenheimer,m
Maria Djurkovic,f
Henry Bumstead,m
Gordon Willis,m
Terry Southern,m
Dominique Auvray,f
David Fincher,m
Bruce Davey,m
Carter DeHaven,m
Miky Lee,f
Marin Karmitz,m
Gerald B. Greenberg,m
Ingmar Bergman,m
Lars Johan Werle,m
Renzo Rossellini,m
Wally Pfister,m
Stacey Sher,f
Franz-Josef Spieker,m
Cho Young-wuk,m
J. Russell Spencer,m
Akira Kurosawa,m
Alan Silvestri,m
Ronna B. Wallace,f
Perc Westmore,m
Kevin De La Noy,m
Eduard Artemiev,m
Agenore Incrocci,m
Alexandre Desplat,m
Trent Opaloch,m
Gregory Peck,m
John Williams,m
Anna Hill Johnstone,f
Mark Lee Ping-Bing,m
Akira Kurosawa,m
Bob Weinstein,m
Alain Sarde,m
Harvey Weinstein,m
Xavier Dolan,m
Missy Stewart,f
George Justin,m
Hal Pereira,m
Michel Gondry,m
Kenny Becker,m
Gail Egan,f
Newton Thomas Sigel,m
Cho Young-wuk,m
Andrei Tarkovsky,m
Allan Ekelund,m
Sidney Lumet,m
Edith Head,f
Sven Nykvist,m
Boris Strugatskiy,m
Dody Dorn,f
Ekin Cheng,m
Adrian Molina,m
Charlie Chaplin,m
Hugh Perceval,m
Luis Buñuel,m
Ngila Dickson,f
Harvey Weinstein,m
Albert S. Ruddy,m
Takeshi Seyama,m
Georges Bermann,m
Toshio Suzuki,m
Masaru Satô,m
Antonio Traverso,m
Nino Rota,m
Cassio Amarante,m
Joseph L. Mankiewicz,m
Michael Barnathan,m
Dane A. Davis,m
Harvey Weinstein,m
Frank Darabont,m
James A. Gleason,m
Daniel Toscan du Plantier,m
Nicola Piovani,m
Natalie Lyon,f
Guel Arraes,m
Vic Ramos,m
Deborah Aquila,f
Michiyo Yasuda,f
Wendy Carlos,f
Robert J. Schiffer,m
Frank Barnes,m
Nick Hurran,m
Reginald Mills,m
James C. Katz,m
Joe Russo,m
Gordon Pollock,m
Bill Butler,m
Ennio Flaiano,m
Akira Kurosawa,m
Jann K. Engel,f
Denise Chamian,f
Ben Davis,m
Gabriele Binder,f
Hirokazu Kore-eda,m
George Milo,m
Barbara Ritchie,f
John W. Hyde,m
George W. Davis,m
Steven Spielberg,m
Andrei Tarkovsky,m
Marc David,m
Mitsuhisa Ishikawa,m
Devereaux Jennings,m
Montgomery Clift,m
Billy Hopkins,m
Tom Schulman,m
Sandy Reynolds-Wasco,f
Harvey Weinstein,m
Perc Westmore,m
Buster Wiles,m
Michael Kahn,m
Wally Westmore,m
David Hoberman,m
Paul Junger Witt,m
Federico Fellini,m
Anne Kopelson,f
Norman Reynolds,m
Mirela Rupic,f
Nora Twomey,f
Tessa Ross,f
Trent Opaloch,m
Shinobu Hashimoto,m
David Valdes,m
Matthew Aldrich,m
Suzanne Smith,f
John Landis,m
Ilona Herman,f
Edward Small,m
Nino Rota,m
Tom Brown,m
Ben Rothstein,m
Thomas Newman,m
Jason Katz,m
Kwan Pung-Leung,m
Georgi Rerberg,m
Bel Berlinck,f
Howard Cummings,m
Robert Elswit,m
André Turpin,m
John Barry,m
Felipe Almeida,m
Peter Ramsey,m
Tony Kaye,m
Furio Scarpelli,m
Bruce Weintraub,m
Roberto Savarese,m
Elem Klimov,m
Morten Tyldum,m
Steve Tisch,m
Howard Bristol,m
Frank McCoy,m
Helen Colvig,f
Charlie Kaufman,m
Sandy Powell,f
Joe Russo,m
Lula Carvalho,m
